recipe_id,name,description,yield,total_time,image_url,url,protein,fat,carbs,calories
c1e90c9d-e0c3-4974-bd96-d55bcc372dd4,libero nullam,In congue. Etiam justo. Etiam pretium iaculis justo.,5,85,http://dummyimage.com/239x100.png/dddddd/000000,http://slideshare.net/tempus/semper/est/quam/pharetra/magna/ac.jsp,34.13,59.41,60.61,34.59
79c2613d-801d-41be-a313-4334a81e5fe5,mi,Aenean lectus. Pellentesque eget nunc. Donec quis orci eget orci vehicula condimentum.,1,30,http://dummyimage.com/189x100.png/dddddd/000000,https://people.com.cn/magnis/dis/parturient.png,92.3,87.94,7.49,53.32
4592b82c-f6f4-49aa-9fc7-136d23ab75cd,iaculis congue vivamus,"Fusce posuere felis sed lacus. Morbi sem mauris, laoreet ut, rhoncus aliquet, pulvinar sed, nisl. Nunc rhoncus dui vel sem.

Sed sagittis. Nam congue, risus semper porta volutpat, quam pede lobortis ligula, sit amet eleifend pede libero quis orci. Nullam molestie nibh in lectus.",1,66,http://dummyimage.com/128x100.png/ff4444/ffffff,https://about.me/lorem/ipsum/dolor/sit.jsp,6.23,68.84,95.2,70.89
3d20d9a3-c10c-4fa9-a19a-f94288bdfe50,quis tortor id,"Proin interdum mauris non ligula pellentesque ultrices. Phasellus id sapien in sapien iaculis congue. Vivamus metus arcu, adipiscing molestie, hendrerit at, vulputate vitae, nisl.

Aenean lectus. Pellentesque eget nunc. Donec quis orci eget orci vehicula condimentum.

Curabitur in libero ut massa volutpat convallis. Morbi odio odio, elementum eu, interdum eu, tincidunt in, leo. Maecenas pulvinar lobortis est.",2,136,http://dummyimage.com/155x100.png/5fa2dd/ffffff,https://amazon.co.jp/aliquam/non/mauris.png,80.37,42.95,62.91,18.82
c3201922-3cf9-4812-8916-20452bbfacc3,aenean,"Praesent blandit. Nam nulla. Integer pede justo, lacinia eget, tincidunt eget, tempus vel, pede.",10,40,http://dummyimage.com/199x100.png/dddddd/000000,http://ebay.com/interdum/mauris/non.jpg,76.26,37.78,54.17,24.57
df5f6241-72eb-4522-a5b4-0a598fcc1f67,turpis nec,"Mauris enim leo, rhoncus sed, vestibulum sit amet, cursus id, turpis. Integer aliquet, massa id lobortis convallis, tortor risus dapibus augue, vel accumsan tellus nisi eu orci. Mauris lacinia sapien quis libero.

Nullam sit amet turpis elementum ligula vehicula consequat. Morbi a ipsum. Integer a nibh.

In quis justo. Maecenas rhoncus aliquam lacus. Morbi quis tortor id nulla ultrices aliquet.",3,251,http://dummyimage.com/155x100.png/dddddd/000000,https://dell.com/eu/tincidunt/in/leo/maecenas.jpg,76.44,71.33,89.23,23.44
c0a7c799-522c-4901-8fe8-94ba6dd81a32,aenean lectus,"In congue. Etiam justo. Etiam pretium iaculis justo.

In hac habitasse platea dictumst. Etiam faucibus cursus urna. Ut tellus.

Nulla ut erat id mauris vulputate elementum. Nullam varius. Nulla facilisi.",4,217,http://dummyimage.com/184x100.png/cc0000/ffffff,http://craigslist.org/lobortis/vel/dapibus/at/diam/nam.js,29.17,41.09,53.41,91.83
7c51d1a9-3e88-494a-b149-949cd8adbc89,at lorem,"Praesent blandit. Nam nulla. Integer pede justo, lacinia eget, tincidunt eget, tempus vel, pede.",6,16,http://dummyimage.com/220x100.png/ff4444/ffffff,https://tmall.com/cum/sociis/natoque/penatibus/et/magnis/dis.js,20.21,54.21,4.0,8.05
b6675d70-7121-4804-bf55-4b747bd5abc8,amet eleifend,,7,1,http://dummyimage.com/135x100.png/5fa2dd/ffffff,http://prlog.org/vel/augue/vestibulum/ante/ipsum/primis.png,86.6,7.38,22.03,29.53
87f911fb-c53d-4dff-bdb4-1a221387bcae,tempor,"Proin eu mi. Nulla ac enim. In tempor, turpis nec euismod scelerisque, quam turpis adipiscing lorem, vitae mattis nibh ligula nec sem.

Duis aliquam convallis nunc. Proin at turpis a pede posuere nonummy. Integer non velit.",10,17,http://dummyimage.com/167x100.png/dddddd/000000,https://chronoengine.com/eu/nibh/quisque/id/justo/sit/amet.json,8.81,5.71,28.68,9.79
d57a2a81-3938-4274-a0f1-43d4b0d0d865,nec condimentum neque,"Sed ante. Vivamus tortor. Duis mattis egestas metus.

Aenean fermentum. Donec ut mauris eget massa tempor convallis. Nulla neque libero, convallis eget, eleifend luctus, ultricies eu, nibh.",2,214,http://dummyimage.com/200x100.png/cc0000/ffffff,http://telegraph.co.uk/est/donec/odio/justo/sollicitudin/ut.js,96.03,99.3,6.98,75.94
f3a6ddf5-1fce-4f1b-9878-c5883b1b42d6,nunc donec quis,"Phasellus sit amet erat. Nulla tempus. Vivamus in felis eu sapien cursus vestibulum.

Proin eu mi. Nulla ac enim. In tempor, turpis nec euismod scelerisque, quam turpis adipiscing lorem, vitae mattis nibh ligula nec sem.",10,180,http://dummyimage.com/221x100.png/5fa2dd/ffffff,https://drupal.org/nulla/integer/pede.jpg,50.66,51.83,72.9,22.27
05492e1c-21a4-4fcf-ad74-8e6d018b5b16,in lacus,"Lorem ipsum dolor sit amet, consectetuer adipiscing elit. Proin risus. Praesent lectus.

Vestibulum quam sapien, varius ut, blandit non, interdum in, ante. Vestibulum ante ipsum primis in faucibus orci luctus et ultrices posuere cubilia Curae; Duis faucibus accumsan odio. Curabitur convallis.",2,182,http://dummyimage.com/158x100.png/cc0000/ffffff,http://simplemachines.org/turpis/sed/ante.jsp,29.0,34.71,24.27,75.91
7279ff38-ea93-41e6-99ac-de2790086dce,tortor risus,"Cras non velit nec nisi vulputate nonummy. Maecenas tincidunt lacus at velit. Vivamus vel nulla eget eros elementum pellentesque.

Quisque porta volutpat erat. Quisque erat eros, viverra eget, congue eget, semper rutrum, nulla. Nunc purus.",7,30,http://dummyimage.com/161x100.png/dddddd/000000,https://so-net.ne.jp/quis.aspx,84.79,21.99,44.36,28.98
621e2666-d7d6-4dc0-a57f-8104eff177c7,tristique tortor,"Morbi non lectus. Aliquam sit amet diam in magna bibendum imperdiet. Nullam orci pede, venenatis non, sodales sed, tincidunt eu, felis.

Fusce posuere felis sed lacus. Morbi sem mauris, laoreet ut, rhoncus aliquet, pulvinar sed, nisl. Nunc rhoncus dui vel sem.",8,124,http://dummyimage.com/171x100.png/5fa2dd/ffffff,https://github.com/lorem/quisque.aspx,31.82,74.03,69.67,20.38
f67b75ed-c11d-4ff7-a67f-cfbebf1a7ccb,ut,"Curabitur gravida nisi at nibh. In hac habitasse platea dictumst. Aliquam augue quam, sollicitudin vitae, consectetuer eget, rutrum at, lorem.

Integer tincidunt ante vel ipsum. Praesent blandit lacinia erat. Vestibulum sed magna at nunc commodo placerat.",9,293,http://dummyimage.com/102x100.png/ff4444/ffffff,https://ovh.net/ac.js,97.47,57.17,82.91,28.83
060d2ef5-3594-4046-8791-1c3bc6c4e2b9,gravida,"Nam ultrices, libero non mattis pulvinar, nulla pede ullamcorper augue, a suscipit nulla elit ac nulla. Sed vel enim sit amet nunc viverra dapibus. Nulla suscipit ligula in lacus.

Curabitur at ipsum ac tellus semper interdum. Mauris ullamcorper purus sit amet nulla. Quisque arcu libero, rutrum ac, lobortis vel, dapibus at, diam.",2,22,http://dummyimage.com/248x100.png/5fa2dd/ffffff,https://surveymonkey.com/vulputate/ut/ultrices/vel/augue.json,82.28,60.69,12.55,54.27
3d6c99c8-e531-4e2c-8247-bd669b71e083,dapibus,"Morbi porttitor lorem id ligula. Suspendisse ornare consequat lectus. In est risus, auctor sed, tristique in, tempus sit amet, sem.

Fusce consequat. Nulla nisl. Nunc nisl.",9,93,http://dummyimage.com/225x100.png/ff4444/ffffff,https://latimes.com/aliquet.json,83.77,62.18,64.96,75.56
555f26e5-c1c5-45fb-b36b-9d916674df8f,consectetuer eget rutrum,"Duis bibendum, felis sed interdum venenatis, turpis enim blandit mi, in porttitor pede justo eu massa. Donec dapibus. Duis at velit eu est congue elementum.

In hac habitasse platea dictumst. Morbi vestibulum, velit id pretium iaculis, diam erat fermentum justo, nec condimentum neque sapien placerat ante. Nulla justo.",2,297,http://dummyimage.com/140x100.png/dddddd/000000,http://umich.edu/id/pretium.jsp,99.13,27.23,24.62,82.17
e01fc6ce-b6cc-4679-aa82-c2eec6d0a540,at nibh,"Proin interdum mauris non ligula pellentesque ultrices. Phasellus id sapien in sapien iaculis congue. Vivamus metus arcu, adipiscing molestie, hendrerit at, vulputate vitae, nisl.

Aenean lectus. Pellentesque eget nunc. Donec quis orci eget orci vehicula condimentum.

Curabitur in libero ut massa volutpat convallis. Morbi odio odio, elementum eu, interdum eu, tincidunt in, leo. Maecenas pulvinar lobortis est.",3,248,http://dummyimage.com/119x100.png/dddddd/000000,https://nsw.gov.au/id/pretium/iaculis/diam/erat/fermentum/justo.xml,95.18,1.49,21.15,90.65
cda4ac3d-5c04-49ab-af44-c2c80c1208ba,volutpat in,Nulla ut erat id mauris vulputate elementum. Nullam varius. Nulla facilisi.,2,256,http://dummyimage.com/123x100.png/ff4444/ffffff,https://123-reg.co.uk/primis/in/faucibus.xml,82.08,12.94,24.58,4.2
dcb8f5ed-ad67-4dab-b9ab-ff38ebd590fe,ridiculus mus,"Curabitur gravida nisi at nibh. In hac habitasse platea dictumst. Aliquam augue quam, sollicitudin vitae, consectetuer eget, rutrum at, lorem.

Integer tincidunt ante vel ipsum. Praesent blandit lacinia erat. Vestibulum sed magna at nunc commodo placerat.",5,70,http://dummyimage.com/206x100.png/5fa2dd/ffffff,https://yandex.ru/maecenas/leo.json,25.08,67.37,86.65,61.29
eecae217-e004-4406-be13-2ddd84eb933c,erat tortor,"Sed sagittis. Nam congue, risus semper porta volutpat, quam pede lobortis ligula, sit amet eleifend pede libero quis orci. Nullam molestie nibh in lectus.",2,30,http://dummyimage.com/133x100.png/cc0000/ffffff,http://cloudflare.com/integer/tincidunt/ante/vel/ipsum/praesent/blandit.png,91.52,20.78,26.78,38.29
19ff5401-7a24-4f4d-b474-f36ae9606ab7,viverra,"Integer tincidunt ante vel ipsum. Praesent blandit lacinia erat. Vestibulum sed magna at nunc commodo placerat.

Praesent blandit. Nam nulla. Integer pede justo, lacinia eget, tincidunt eget, tempus vel, pede.",5,290,http://dummyimage.com/155x100.png/dddddd/000000,http://technorati.com/sed/accumsan.js,61.14,71.63,61.52,6.64
0c4dc5b6-331c-4da5-b9d8-e861bf3b88df,quisque id justo,"Suspendisse potenti. In eleifend quam a odio. In hac habitasse platea dictumst.

Maecenas ut massa quis augue luctus tincidunt. Nulla mollis molestie lorem. Quisque ut erat.

Curabitur gravida nisi at nibh. In hac habitasse platea dictumst. Aliquam augue quam, sollicitudin vitae, consectetuer eget, rutrum at, lorem.",1,217,http://dummyimage.com/105x100.png/dddddd/000000,http://prnewswire.com/interdum.aspx,34.25,71.53,70.24,69.74
8148d0fa-73cf-456f-8051-5a4dbfbdb427,nibh ligula,"In hac habitasse platea dictumst. Morbi vestibulum, velit id pretium iaculis, diam erat fermentum justo, nec condimentum neque sapien placerat ante. Nulla justo.",4,25,http://dummyimage.com/138x100.png/ff4444/ffffff,http://ucsd.edu/in/est/risus/auctor.html,66.68,52.07,70.36,54.73
a6731982-f845-4ce1-8f43-7a4cbc3f5616,quis,,1,119,http://dummyimage.com/186x100.png/dddddd/000000,https://npr.org/ut.png,8.15,52.78,44.67,27.7
78fde07f-9d87-4299-9033-5a36ff06fd7f,adipiscing,Duis aliquam convallis nunc. Proin at turpis a pede posuere nonummy. Integer non velit.,2,294,http://dummyimage.com/157x100.png/ff4444/ffffff,https://army.mil/ornare/consequat.html,89.38,8.25,34.61,44.26
3f708153-e857-4832-870d-e3c7e310dd5e,mauris non,"Nullam sit amet turpis elementum ligula vehicula consequat. Morbi a ipsum. Integer a nibh.

In quis justo. Maecenas rhoncus aliquam lacus. Morbi quis tortor id nulla ultrices aliquet.

Maecenas leo odio, condimentum id, luctus nec, molestie sed, justo. Pellentesque viverra pede ac diam. Cras pellentesque volutpat dui.",2,259,http://dummyimage.com/164x100.png/ff4444/ffffff,https://linkedin.com/ut/erat/id/mauris/vulputate.xml,40.82,87.0,8.39,90.48
c7b07d25-9984-49f8-8488-20ea08c48958,arcu adipiscing,"Suspendisse potenti. In eleifend quam a odio. In hac habitasse platea dictumst.

Maecenas ut massa quis augue luctus tincidunt. Nulla mollis molestie lorem. Quisque ut erat.

Curabitur gravida nisi at nibh. In hac habitasse platea dictumst. Aliquam augue quam, sollicitudin vitae, consectetuer eget, rutrum at, lorem.",7,222,http://dummyimage.com/139x100.png/ff4444/ffffff,http://smh.com.au/ut/nunc/vestibulum.js,27.04,1.63,76.69,5.46
4fa15e0c-ea90-4d90-bdcb-e22cf5cb8b4f,pharetra magna vestibulum,Nulla ut erat id mauris vulputate elementum. Nullam varius. Nulla facilisi.,1,297,http://dummyimage.com/216x100.png/dddddd/000000,https://technorati.com/volutpat.json,84.52,15.46,70.51,70.96
46deea9b-073f-41e0-92e4-da8e6f28b65d,nam,"Vestibulum ac est lacinia nisi venenatis tristique. Fusce congue, diam id ornare imperdiet, sapien urna pretium nisl, ut volutpat sapien arcu sed augue. Aliquam erat volutpat.

In congue. Etiam justo. Etiam pretium iaculis justo.

In hac habitasse platea dictumst. Etiam faucibus cursus urna. Ut tellus.",8,278,http://dummyimage.com/213x100.png/dddddd/000000,https://amazonaws.com/lacinia/erat/vestibulum/sed/magna.html,61.75,97.67,89.16,52.79
431c56d1-d892-4adb-9fa6-2a3ae3c9d518,ipsum primis in,"Nullam sit amet turpis elementum ligula vehicula consequat. Morbi a ipsum. Integer a nibh.

In quis justo. Maecenas rhoncus aliquam lacus. Morbi quis tortor id nulla ultrices aliquet.

Maecenas leo odio, condimentum id, luctus nec, molestie sed, justo. Pellentesque viverra pede ac diam. Cras pellentesque volutpat dui.",7,218,http://dummyimage.com/133x100.png/5fa2dd/ffffff,http://domainmarket.com/vulputate/nonummy/maecenas/tincidunt/lacus.js,22.37,91.37,31.54,70.14
7b8450bf-b7de-44d5-84b4-0adadfb01177,orci eget orci,Nulla ut erat id mauris vulputate elementum. Nullam varius. Nulla facilisi.,4,104,http://dummyimage.com/205x100.png/ff4444/ffffff,http://illinois.edu/in/sapien/iaculis/congue/vivamus.json,42.89,36.92,11.12,29.7
560f757a-b3d2-4833-8608-dd1bd9d714ee,sit amet diam,"Maecenas tristique, est et tempus semper, est quam pharetra magna, ac consequat metus sapien ut nunc. Vestibulum ante ipsum primis in faucibus orci luctus et ultrices posuere cubilia Curae; Mauris viverra diam vitae quam. Suspendisse potenti.

Nullam porttitor lacus at turpis. Donec posuere metus vitae ipsum. Aliquam non mauris.

Morbi non lectus. Aliquam sit amet diam in magna bibendum imperdiet. Nullam orci pede, venenatis non, sodales sed, tincidunt eu, felis.",10,273,http://dummyimage.com/223x100.png/5fa2dd/ffffff,https://cloudflare.com/consectetuer/adipiscing/elit/proin.html,61.38,43.72,47.16,26.82
5a1a5578-8f1d-4517-bca5-efd19dc313a9,consectetuer,,6,200,http://dummyimage.com/226x100.png/cc0000/ffffff,https://blinklist.com/rhoncus/aliquam.aspx,70.07,97.72,92.81,2.07
95889955-2368-4723-a052-17ad30d6e20d,aliquam,"Proin eu mi. Nulla ac enim. In tempor, turpis nec euismod scelerisque, quam turpis adipiscing lorem, vitae mattis nibh ligula nec sem.

Duis aliquam convallis nunc. Proin at turpis a pede posuere nonummy. Integer non velit.",1,73,http://dummyimage.com/105x100.png/dddddd/000000,https://altervista.org/integer/ac/neque/duis/bibendum/morbi.aspx,37.4,64.0,79.87,18.71
78525f87-83aa-4115-9e54-1e15c37926ca,odio odio,"Cras mi pede, malesuada in, imperdiet et, commodo vulputate, justo. In blandit ultrices enim. Lorem ipsum dolor sit amet, consectetuer adipiscing elit.",1,233,http://dummyimage.com/233x100.png/5fa2dd/ffffff,http://mit.edu/morbi/vestibulum.jsp,44.62,70.07,81.5,63.25
69f504e0-e2a4-4db1-a397-f4ddfcf03364,dui,"Maecenas tristique, est et tempus semper, est quam pharetra magna, ac consequat metus sapien ut nunc. Vestibulum ante ipsum primis in faucibus orci luctus et ultrices posuere cubilia Curae; Mauris viverra diam vitae quam. Suspendisse potenti.",4,63,http://dummyimage.com/183x100.png/cc0000/ffffff,https://wikispaces.com/quisque/id/justo/sit.html,57.9,50.5,76.11,71.89
161e71be-1a85-456f-a889-e70c24f03923,augue vestibulum,In congue. Etiam justo. Etiam pretium iaculis justo.,7,57,http://dummyimage.com/203x100.png/dddddd/000000,https://uiuc.edu/venenatis/tristique.xml,30.07,95.91,5.45,41.14
48c08757-059b-4b45-a871-96a52fc0ffd4,luctus,"Nam ultrices, libero non mattis pulvinar, nulla pede ullamcorper augue, a suscipit nulla elit ac nulla. Sed vel enim sit amet nunc viverra dapibus. Nulla suscipit ligula in lacus.

Curabitur at ipsum ac tellus semper interdum. Mauris ullamcorper purus sit amet nulla. Quisque arcu libero, rutrum ac, lobortis vel, dapibus at, diam.",7,200,http://dummyimage.com/190x100.png/dddddd/000000,https://rediff.com/ut/ultrices/vel/augue/vestibulum/ante.png,56.51,27.89,35.83,89.44
3777b517-a680-4faa-b05a-93fd750bbe6f,arcu sed,"Fusce posuere felis sed lacus. Morbi sem mauris, laoreet ut, rhoncus aliquet, pulvinar sed, nisl. Nunc rhoncus dui vel sem.

Sed sagittis. Nam congue, risus semper porta volutpat, quam pede lobortis ligula, sit amet eleifend pede libero quis orci. Nullam molestie nibh in lectus.

Pellentesque at nulla. Suspendisse potenti. Cras in purus eu magna vulputate luctus.",1,245,http://dummyimage.com/197x100.png/5fa2dd/ffffff,https://wikia.com/pharetra/magna/vestibulum.png,47.68,6.87,94.5,80.24
294e0fea-dfcb-43a1-945e-c405362b17fc,ut,"Nulla ut erat id mauris vulputate elementum. Nullam varius. Nulla facilisi.

Cras non velit nec nisi vulputate nonummy. Maecenas tincidunt lacus at velit. Vivamus vel nulla eget eros elementum pellentesque.

Quisque porta volutpat erat. Quisque erat eros, viverra eget, congue eget, semper rutrum, nulla. Nunc purus.",8,261,http://dummyimage.com/127x100.png/5fa2dd/ffffff,http://accuweather.com/vel.png,31.85,74.03,94.06,36.1
a5324ac1-0c95-4129-87b8-3b53a7ce0495,eleifend quam a,"Lorem ipsum dolor sit amet, consectetuer adipiscing elit. Proin risus. Praesent lectus.",7,116,http://dummyimage.com/109x100.png/ff4444/ffffff,http://tumblr.com/sit/amet/consectetuer.html,1.06,38.47,75.57,74.97
0c530e80-e37b-4139-bd33-abe2008a3fb9,est congue elementum,"Maecenas leo odio, condimentum id, luctus nec, molestie sed, justo. Pellentesque viverra pede ac diam. Cras pellentesque volutpat dui.",2,181,http://dummyimage.com/151x100.png/cc0000/ffffff,https://elpais.com/ut/tellus/nulla/ut/erat/id.aspx,27.98,53.14,28.21,52.39
6a1de0fe-d067-498b-81fe-10b43acd1281,ac leo pellentesque,"Nullam sit amet turpis elementum ligula vehicula consequat. Morbi a ipsum. Integer a nibh.

In quis justo. Maecenas rhoncus aliquam lacus. Morbi quis tortor id nulla ultrices aliquet.",10,197,http://dummyimage.com/198x100.png/cc0000/ffffff,https://toplist.cz/blandit.js,81.34,75.78,22.41,66.36
f9929b10-92c9-44fb-a272-2d4d997b4195,pellentesque ultrices mattis,"Duis bibendum, felis sed interdum venenatis, turpis enim blandit mi, in porttitor pede justo eu massa. Donec dapibus. Duis at velit eu est congue elementum.

In hac habitasse platea dictumst. Morbi vestibulum, velit id pretium iaculis, diam erat fermentum justo, nec condimentum neque sapien placerat ante. Nulla justo.

Aliquam quis turpis eget elit sodales scelerisque. Mauris sit amet eros. Suspendisse accumsan tortor quis turpis.",7,284,http://dummyimage.com/137x100.png/cc0000/ffffff,http://nifty.com/eget/elit/sodales/scelerisque/mauris/sit.png,10.02,71.54,76.97,39.93
64a8a91a-0316-459a-b3d2-0791c482073c,leo,"Morbi porttitor lorem id ligula. Suspendisse ornare consequat lectus. In est risus, auctor sed, tristique in, tempus sit amet, sem.

Fusce consequat. Nulla nisl. Nunc nisl.

Duis bibendum, felis sed interdum venenatis, turpis enim blandit mi, in porttitor pede justo eu massa. Donec dapibus. Duis at velit eu est congue elementum.",1,201,http://dummyimage.com/249x100.png/dddddd/000000,http://soundcloud.com/consectetuer/eget/rutrum/at/lorem/integer.jpg,26.79,41.34,21.15,60.02
13308dbe-6df4-4ffe-bf75-3dd52167ccce,in consequat ut,"Praesent id massa id nisl venenatis lacinia. Aenean sit amet justo. Morbi ut odio.

Cras mi pede, malesuada in, imperdiet et, commodo vulputate, justo. In blandit ultrices enim. Lorem ipsum dolor sit amet, consectetuer adipiscing elit.

Proin interdum mauris non ligula pellentesque ultrices. Phasellus id sapien in sapien iaculis congue. Vivamus metus arcu, adipiscing molestie, hendrerit at, vulputate vitae, nisl.",7,118,http://dummyimage.com/112x100.png/dddddd/000000,https://tripadvisor.com/lacinia/nisi/venenatis/tristique.html,14.1,11.56,91.14,35.65
b445e51b-1be5-41ba-bd47-b708dde67b35,in felis donec,"In sagittis dui vel nisl. Duis ac nibh. Fusce lacus purus, aliquet at, feugiat non, pretium quis, lectus.

Suspendisse potenti. In eleifend quam a odio. In hac habitasse platea dictumst.",7,217,http://dummyimage.com/239x100.png/dddddd/000000,https://amazonaws.com/justo/pellentesque/viverra/pede/ac.jpg,94.99,57.16,36.06,83.21
01530ee5-2fe5-456c-a18a-9d8330e92255,curabitur convallis,"In hac habitasse platea dictumst. Etiam faucibus cursus urna. Ut tellus.

Nulla ut erat id mauris vulputate elementum. Nullam varius. Nulla facilisi.

Cras non velit nec nisi vulputate nonummy. Maecenas tincidunt lacus at velit. Vivamus vel nulla eget eros elementum pellentesque.",2,15,http://dummyimage.com/204x100.png/ff4444/ffffff,http://wiley.com/interdum/mauris/non/ligula/pellentesque/ultrices/phasellus.js,18.56,56.14,5.03,22.54
d41ac129-1f7a-4be4-a064-e3bfec23e87e,ac,"Proin interdum mauris non ligula pellentesque ultrices. Phasellus id sapien in sapien iaculis congue. Vivamus metus arcu, adipiscing molestie, hendrerit at, vulputate vitae, nisl.

Aenean lectus. Pellentesque eget nunc. Donec quis orci eget orci vehicula condimentum.",4,185,http://dummyimage.com/174x100.png/ff4444/ffffff,https://accuweather.com/at/vulputate/vitae/nisl.json,44.24,59.21,71.74,77.61
2430ab8e-7f3f-4da7-be54-d9c7030b8af9,odio,"Fusce posuere felis sed lacus. Morbi sem mauris, laoreet ut, rhoncus aliquet, pulvinar sed, nisl. Nunc rhoncus dui vel sem.

Sed sagittis. Nam congue, risus semper porta volutpat, quam pede lobortis ligula, sit amet eleifend pede libero quis orci. Nullam molestie nibh in lectus.

Pellentesque at nulla. Suspendisse potenti. Cras in purus eu magna vulputate luctus.",2,79,http://dummyimage.com/149x100.png/5fa2dd/ffffff,http://pagesperso-orange.fr/ornare/imperdiet/sapien/urna.png,93.36,78.9,41.17,42.74
58f07ef1-7970-43d0-9b5c-6c958fb80ac2,at,"Quisque id justo sit amet sapien dignissim vestibulum. Vestibulum ante ipsum primis in faucibus orci luctus et ultrices posuere cubilia Curae; Nulla dapibus dolor vel est. Donec odio justo, sollicitudin ut, suscipit a, feugiat et, eros.

Vestibulum ac est lacinia nisi venenatis tristique. Fusce congue, diam id ornare imperdiet, sapien urna pretium nisl, ut volutpat sapien arcu sed augue. Aliquam erat volutpat.",10,240,http://dummyimage.com/202x100.png/cc0000/ffffff,https://kickstarter.com/lacus/curabitur/at.png,66.33,6.62,76.5,50.54
6ce54731-badf-4f08-8d7f-eb61dd0c2159,sit amet erat,"Quisque porta volutpat erat. Quisque erat eros, viverra eget, congue eget, semper rutrum, nulla. Nunc purus.

Phasellus in felis. Donec semper sapien a libero. Nam dui.

Proin leo odio, porttitor id, consequat in, consequat ut, nulla. Sed accumsan felis. Ut at dolor quis odio consequat varius.",7,223,http://dummyimage.com/179x100.png/dddddd/000000,http://infoseek.co.jp/pede/lobortis/ligula/sit.html,77.97,38.79,93.97,32.53
22b67fcd-5a4b-408c-ae80-0c1b1d931cf4,dolor sit amet,"Aenean fermentum. Donec ut mauris eget massa tempor convallis. Nulla neque libero, convallis eget, eleifend luctus, ultricies eu, nibh.

Quisque id justo sit amet sapien dignissim vestibulum. Vestibulum ante ipsum primis in faucibus orci luctus et ultrices posuere cubilia Curae; Nulla dapibus dolor vel est. Donec odio justo, sollicitudin ut, suscipit a, feugiat et, eros.

Vestibulum ac est lacinia nisi venenatis tristique. Fusce congue, diam id ornare imperdiet, sapien urna pretium nisl, ut volutpat sapien arcu sed augue. Aliquam erat volutpat.",3,224,http://dummyimage.com/132x100.png/5fa2dd/ffffff,https://bloomberg.com/ligula/sit/amet/eleifend/pede/libero/quis.json,70.65,99.91,47.99,5.1
38a94b16-608c-401a-93e4-7e543305e173,diam nam tristique,"Cras mi pede, malesuada in, imperdiet et, commodo vulputate, justo. In blandit ultrices enim. Lorem ipsum dolor sit amet, consectetuer adipiscing elit.

Proin interdum mauris non ligula pellentesque ultrices. Phasellus id sapien in sapien iaculis congue. Vivamus metus arcu, adipiscing molestie, hendrerit at, vulputate vitae, nisl.",8,293,http://dummyimage.com/103x100.png/ff4444/ffffff,https://usatoday.com/morbi.js,55.9,72.68,64.57,12.78
b6348fe8-b099-432b-b290-491e1833eb5d,ultrices,"Curabitur in libero ut massa volutpat convallis. Morbi odio odio, elementum eu, interdum eu, tincidunt in, leo. Maecenas pulvinar lobortis est.",5,24,http://dummyimage.com/130x100.png/5fa2dd/ffffff,https://usa.gov/proin/at.aspx,28.83,36.72,71.52,87.65
d0fb5d30-52c9-4e0c-b11e-c2da99a842d2,molestie hendrerit,Phasellus sit amet erat. Nulla tempus. Vivamus in felis eu sapien cursus vestibulum.,2,205,http://dummyimage.com/229x100.png/ff4444/ffffff,http://blogger.com/sem/mauris.xml,47.91,17.51,85.46,41.67
6da505df-a0ce-41ac-bfc1-9995b814dbc7,mus,"Mauris enim leo, rhoncus sed, vestibulum sit amet, cursus id, turpis. Integer aliquet, massa id lobortis convallis, tortor risus dapibus augue, vel accumsan tellus nisi eu orci. Mauris lacinia sapien quis libero.

Nullam sit amet turpis elementum ligula vehicula consequat. Morbi a ipsum. Integer a nibh.",7,87,http://dummyimage.com/168x100.png/5fa2dd/ffffff,https://ow.ly/pede/venenatis/non/sodales.png,86.73,92.9,59.97,11.43
b7920fe9-2cb8-4866-bcc1-93f276f4a75c,nulla dapibus,"Lorem ipsum dolor sit amet, consectetuer adipiscing elit. Proin risus. Praesent lectus.

Vestibulum quam sapien, varius ut, blandit non, interdum in, ante. Vestibulum ante ipsum primis in faucibus orci luctus et ultrices posuere cubilia Curae; Duis faucibus accumsan odio. Curabitur convallis.

Duis consequat dui nec nisi volutpat eleifend. Donec ut dolor. Morbi vel lectus in quam fringilla rhoncus.",2,81,http://dummyimage.com/128x100.png/ff4444/ffffff,http://macromedia.com/vestibulum/ante/ipsum/primis.aspx,84.93,94.32,92.13,83.77
b5eb4f22-75a3-4b66-aabe-8491a2eef97a,suspendisse ornare consequat,Phasellus in felis. Donec semper sapien a libero. Nam dui.,6,167,http://dummyimage.com/143x100.png/5fa2dd/ffffff,https://cpanel.net/justo/eu/massa/donec.jsp,17.12,30.09,35.96,95.36
7712f6f1-e5e6-4c1b-a009-21cee78ed6ab,nam dui proin,"Proin interdum mauris non ligula pellentesque ultrices. Phasellus id sapien in sapien iaculis congue. Vivamus metus arcu, adipiscing molestie, hendrerit at, vulputate vitae, nisl.

Aenean lectus. Pellentesque eget nunc. Donec quis orci eget orci vehicula condimentum.

Curabitur in libero ut massa volutpat convallis. Morbi odio odio, elementum eu, interdum eu, tincidunt in, leo. Maecenas pulvinar lobortis est.",3,233,http://dummyimage.com/221x100.png/5fa2dd/ffffff,http://irs.gov/etiam/pretium/iaculis/justo.jsp,54.29,25.86,3.57,26.45
6a6a2587-073f-48af-a57d-8fbfdd781e30,cubilia curae,"Vestibulum quam sapien, varius ut, blandit non, interdum in, ante. Vestibulum ante ipsum primis in faucibus orci luctus et ultrices posuere cubilia Curae; Duis faucibus accumsan odio. Curabitur convallis.

Duis consequat dui nec nisi volutpat eleifend. Donec ut dolor. Morbi vel lectus in quam fringilla rhoncus.",4,154,http://dummyimage.com/121x100.png/cc0000/ffffff,http://creativecommons.org/parturient/montes.aspx,99.96,4.54,58.29,63.36
4e88ce31-e259-4008-a28d-f3f03e3579a9,erat id,"Aenean fermentum. Donec ut mauris eget massa tempor convallis. Nulla neque libero, convallis eget, eleifend luctus, ultricies eu, nibh.

Quisque id justo sit amet sapien dignissim vestibulum. Vestibulum ante ipsum primis in faucibus orci luctus et ultrices posuere cubilia Curae; Nulla dapibus dolor vel est. Donec odio justo, sollicitudin ut, suscipit a, feugiat et, eros.",3,113,http://dummyimage.com/129x100.png/5fa2dd/ffffff,http://comsenz.com/eget/orci.xml,8.05,56.32,75.61,24.92
7272c1ea-c073-4d06-b1f0-ce2c7b670199,luctus,"Proin interdum mauris non ligula pellentesque ultrices. Phasellus id sapien in sapien iaculis congue. Vivamus metus arcu, adipiscing molestie, hendrerit at, vulputate vitae, nisl.

Aenean lectus. Pellentesque eget nunc. Donec quis orci eget orci vehicula condimentum.

Curabitur in libero ut massa volutpat convallis. Morbi odio odio, elementum eu, interdum eu, tincidunt in, leo. Maecenas pulvinar lobortis est.",9,81,http://dummyimage.com/210x100.png/cc0000/ffffff,http://netvibes.com/faucibus/orci/luctus/et.jsp,99.69,86.15,47.3,17.63
1d0b0fad-631b-47b3-b724-1023bc68c83e,eget vulputate,"In sagittis dui vel nisl. Duis ac nibh. Fusce lacus purus, aliquet at, feugiat non, pretium quis, lectus.",4,72,http://dummyimage.com/167x100.png/dddddd/000000,https://yahoo.com/integer/non.jsp,54.17,89.26,71.89,51.8
72aa1867-16a5-4753-b599-084dcdcda747,sagittis sapien cum,"Nullam porttitor lacus at turpis. Donec posuere metus vitae ipsum. Aliquam non mauris.

Morbi non lectus. Aliquam sit amet diam in magna bibendum imperdiet. Nullam orci pede, venenatis non, sodales sed, tincidunt eu, felis.

Fusce posuere felis sed lacus. Morbi sem mauris, laoreet ut, rhoncus aliquet, pulvinar sed, nisl. Nunc rhoncus dui vel sem.",3,195,http://dummyimage.com/223x100.png/5fa2dd/ffffff,http://hexun.com/rhoncus/sed/vestibulum.js,42.56,95.39,67.29,68.57
dedd8066-ff1f-4eef-81be-412f122452cc,amet eleifend,"Proin interdum mauris non ligula pellentesque ultrices. Phasellus id sapien in sapien iaculis congue. Vivamus metus arcu, adipiscing molestie, hendrerit at, vulputate vitae, nisl.",5,57,http://dummyimage.com/185x100.png/5fa2dd/ffffff,https://woothemes.com/odio/elementum/eu/interdum.xml,68.51,62.48,69.3,12.48
9be288ab-ac7b-4f72-aee4-6951a97aa4a8,quis,"Maecenas tristique, est et tempus semper, est quam pharetra magna, ac consequat metus sapien ut nunc. Vestibulum ante ipsum primis in faucibus orci luctus et ultrices posuere cubilia Curae; Mauris viverra diam vitae quam. Suspendisse potenti.

Nullam porttitor lacus at turpis. Donec posuere metus vitae ipsum. Aliquam non mauris.",1,224,http://dummyimage.com/189x100.png/cc0000/ffffff,https://smugmug.com/rutrum/ac.js,87.45,26.53,30.31,46.89
37d2a6e1-c588-4d11-bce3-d085d372a8d3,maecenas,Maecenas ut massa quis augue luctus tincidunt. Nulla mollis molestie lorem. Quisque ut erat.,4,184,http://dummyimage.com/185x100.png/cc0000/ffffff,https://umn.edu/lacus/curabitur/at/ipsum.html,60.3,67.89,66.0,29.82
045cabd7-1b38-4273-a491-67fdbcb71993,luctus cum,"Morbi non lectus. Aliquam sit amet diam in magna bibendum imperdiet. Nullam orci pede, venenatis non, sodales sed, tincidunt eu, felis.",2,210,http://dummyimage.com/102x100.png/dddddd/000000,http://ebay.com/imperdiet/sapien/urna/pretium/nisl/ut.jsp,94.63,89.55,70.84,50.36
9f3cc906-abb9-49a1-9ef2-0582902c75a2,vulputate elementum,"In hac habitasse platea dictumst. Morbi vestibulum, velit id pretium iaculis, diam erat fermentum justo, nec condimentum neque sapien placerat ante. Nulla justo.",1,165,http://dummyimage.com/138x100.png/ff4444/ffffff,https://google.com/condimentum/curabitur.json,69.73,88.25,37.85,26.0
890a836c-c3e4-490d-b059-6133528f2283,gravida nisi at,"Nullam porttitor lacus at turpis. Donec posuere metus vitae ipsum. Aliquam non mauris.

Morbi non lectus. Aliquam sit amet diam in magna bibendum imperdiet. Nullam orci pede, venenatis non, sodales sed, tincidunt eu, felis.

Fusce posuere felis sed lacus. Morbi sem mauris, laoreet ut, rhoncus aliquet, pulvinar sed, nisl. Nunc rhoncus dui vel sem.",1,76,http://dummyimage.com/138x100.png/ff4444/ffffff,https://woothemes.com/duis/aliquam/convallis/nunc/proin.js,60.0,93.87,16.96,91.2
49845f8d-b42f-440c-afe7-e6b6c8c0bb20,in eleifend,"Sed sagittis. Nam congue, risus semper porta volutpat, quam pede lobortis ligula, sit amet eleifend pede libero quis orci. Nullam molestie nibh in lectus.

Pellentesque at nulla. Suspendisse potenti. Cras in purus eu magna vulputate luctus.",2,145,http://dummyimage.com/150x100.png/ff4444/ffffff,https://berkeley.edu/eleifend/quam/a/odio.aspx,38.58,59.04,52.75,67.33
edd222ff-45ff-467d-bf42-a1915d6b7fd5,dui vel sem,"Nullam sit amet turpis elementum ligula vehicula consequat. Morbi a ipsum. Integer a nibh.

In quis justo. Maecenas rhoncus aliquam lacus. Morbi quis tortor id nulla ultrices aliquet.",9,242,http://dummyimage.com/147x100.png/dddddd/000000,https://parallels.com/volutpat/dui/maecenas/tristique/est/et/tempus.json,88.67,89.79,39.15,12.1
2b0d7302-4aa1-4b79-abdc-898b63bb757e,vel augue,Aliquam quis turpis eget elit sodales scelerisque. Mauris sit amet eros. Suspendisse accumsan tortor quis turpis.,5,27,http://dummyimage.com/203x100.png/ff4444/ffffff,http://dell.com/nulla/eget/eros/elementum/pellentesque/quisque/porta.png,85.43,89.66,74.79,37.08
160ec717-2c68-49af-8b68-638987301f1a,ultrices,"Proin interdum mauris non ligula pellentesque ultrices. Phasellus id sapien in sapien iaculis congue. Vivamus metus arcu, adipiscing molestie, hendrerit at, vulputate vitae, nisl.

Aenean lectus. Pellentesque eget nunc. Donec quis orci eget orci vehicula condimentum.

Curabitur in libero ut massa volutpat convallis. Morbi odio odio, elementum eu, interdum eu, tincidunt in, leo. Maecenas pulvinar lobortis est.",9,261,http://dummyimage.com/161x100.png/5fa2dd/ffffff,https://slate.com/nulla/quisque/arcu/libero/rutrum.aspx,88.88,72.71,52.73,73.09
f5b0c455-6b28-4aac-94a1-388a474b90e4,donec vitae,"Phasellus sit amet erat. Nulla tempus. Vivamus in felis eu sapien cursus vestibulum.

Proin eu mi. Nulla ac enim. In tempor, turpis nec euismod scelerisque, quam turpis adipiscing lorem, vitae mattis nibh ligula nec sem.",1,245,http://dummyimage.com/244x100.png/cc0000/ffffff,http://howstuffworks.com/donec/ut/mauris/eget/massa/tempor/convallis.js,8.37,49.59,52.96,81.31
2652d48b-3407-4bfd-91f4-3255016cc8c6,sapien,"Maecenas tristique, est et tempus semper, est quam pharetra magna, ac consequat metus sapien ut nunc. Vestibulum ante ipsum primis in faucibus orci luctus et ultrices posuere cubilia Curae; Mauris viverra diam vitae quam. Suspendisse potenti.",4,37,http://dummyimage.com/152x100.png/cc0000/ffffff,https://nytimes.com/vel/est/donec.aspx,79.63,28.29,16.98,93.76
fb1dd5ad-018a-49dd-b28b-18bc93537b12,vitae ipsum aliquam,"Duis aliquam convallis nunc. Proin at turpis a pede posuere nonummy. Integer non velit.

Donec diam neque, vestibulum eget, vulputate ut, ultrices vel, augue. Vestibulum ante ipsum primis in faucibus orci luctus et ultrices posuere cubilia Curae; Donec pharetra, magna vestibulum aliquet ultrices, erat tortor sollicitudin mi, sit amet lobortis sapien sapien non mi. Integer ac neque.",6,86,http://dummyimage.com/186x100.png/ff4444/ffffff,https://prweb.com/praesent/lectus.jsp,19.32,1.6,85.79,25.56
bd16af74-7a15-437c-8e24-e61d53920718,dictumst maecenas,"Vestibulum ac est lacinia nisi venenatis tristique. Fusce congue, diam id ornare imperdiet, sapien urna pretium nisl, ut volutpat sapien arcu sed augue. Aliquam erat volutpat.

In congue. Etiam justo. Etiam pretium iaculis justo.

In hac habitasse platea dictumst. Etiam faucibus cursus urna. Ut tellus.",2,47,http://dummyimage.com/110x100.png/dddddd/000000,https://stanford.edu/cubilia/curae.js,84.71,36.11,96.77,27.3
f8694b38-f06c-4830-971e-c0c182ba1f50,integer,"Maecenas ut massa quis augue luctus tincidunt. Nulla mollis molestie lorem. Quisque ut erat.

Curabitur gravida nisi at nibh. In hac habitasse platea dictumst. Aliquam augue quam, sollicitudin vitae, consectetuer eget, rutrum at, lorem.",7,198,http://dummyimage.com/235x100.png/5fa2dd/ffffff,http://economist.com/pede/malesuada.png,52.69,47.39,66.6,42.91
33d4a5ed-aa53-43fe-b6b1-5c6e3783447d,consectetuer adipiscing elit,"Maecenas leo odio, condimentum id, luctus nec, molestie sed, justo. Pellentesque viverra pede ac diam. Cras pellentesque volutpat dui.

Maecenas tristique, est et tempus semper, est quam pharetra magna, ac consequat metus sapien ut nunc. Vestibulum ante ipsum primis in faucibus orci luctus et ultrices posuere cubilia Curae; Mauris viverra diam vitae quam. Suspendisse potenti.

Nullam porttitor lacus at turpis. Donec posuere metus vitae ipsum. Aliquam non mauris.",10,267,http://dummyimage.com/222x100.png/5fa2dd/ffffff,http://bizjournals.com/metus/vitae.js,6.66,33.28,6.35,92.04
0cdf3ca6-04a1-473e-aca1-c4535a179b1f,phasellus,Duis consequat dui nec nisi volutpat eleifend. Donec ut dolor. Morbi vel lectus in quam fringilla rhoncus.,4,48,http://dummyimage.com/245x100.png/5fa2dd/ffffff,https://trellian.com/ut.jpg,61.69,98.56,49.3,37.96
61f25ef5-dea9-4867-bc95-b25028e3d61f,volutpat dui maecenas,"In sagittis dui vel nisl. Duis ac nibh. Fusce lacus purus, aliquet at, feugiat non, pretium quis, lectus.",10,125,http://dummyimage.com/109x100.png/cc0000/ffffff,https://usnews.com/curae/mauris/viverra/diam.html,86.64,38.11,59.39,20.92
4f2a7897-d699-4939-8bb3-5c1914c6c514,ac est lacinia,In quis justo. Maecenas rhoncus aliquam lacus. Morbi quis tortor id nulla ultrices aliquet.,2,183,http://dummyimage.com/212x100.png/ff4444/ffffff,http://springer.com/pretium/iaculis/justo.png,12.27,66.79,36.87,48.29
95de2d1a-2195-48dc-9f2b-d0b3506e386f,facilisi cras,"Cum sociis natoque penatibus et magnis dis parturient montes, nascetur ridiculus mus. Vivamus vestibulum sagittis sapien. Cum sociis natoque penatibus et magnis dis parturient montes, nascetur ridiculus mus.

Etiam vel augue. Vestibulum rutrum rutrum neque. Aenean auctor gravida sem.

Praesent id massa id nisl venenatis lacinia. Aenean sit amet justo. Morbi ut odio.",7,219,http://dummyimage.com/218x100.png/cc0000/ffffff,https://netvibes.com/nulla/eget/eros/elementum/pellentesque/quisque.json,81.53,41.67,40.6,86.63
dd6416c0-6650-4fe0-8ce8-4474d8e336c9,sed tristique in,"Nullam sit amet turpis elementum ligula vehicula consequat. Morbi a ipsum. Integer a nibh.

In quis justo. Maecenas rhoncus aliquam lacus. Morbi quis tortor id nulla ultrices aliquet.",6,165,http://dummyimage.com/104x100.png/dddddd/000000,http://webeden.co.uk/pede/justo/lacinia/eget/tincidunt.json,36.78,57.07,42.04,20.45
85d1a421-3972-4adc-9efe-edcf20c416bb,in,"Vestibulum ac est lacinia nisi venenatis tristique. Fusce congue, diam id ornare imperdiet, sapien urna pretium nisl, ut volutpat sapien arcu sed augue. Aliquam erat volutpat.

In congue. Etiam justo. Etiam pretium iaculis justo.

In hac habitasse platea dictumst. Etiam faucibus cursus urna. Ut tellus.",5,180,http://dummyimage.com/213x100.png/ff4444/ffffff,http://wikia.com/vehicula/consequat/morbi/a.html,51.31,11.61,44.11,11.24
41b126f9-f6ad-45fb-8f2e-32e02683f448,donec,"Cum sociis natoque penatibus et magnis dis parturient montes, nascetur ridiculus mus. Vivamus vestibulum sagittis sapien. Cum sociis natoque penatibus et magnis dis parturient montes, nascetur ridiculus mus.

Etiam vel augue. Vestibulum rutrum rutrum neque. Aenean auctor gravida sem.",5,2,http://dummyimage.com/116x100.png/ff4444/ffffff,https://google.com.au/pede.jsp,77.7,91.31,82.54,21.25
bfec9a88-09d6-4fee-bd1d-13f93d5d0892,ante nulla,"Curabitur in libero ut massa volutpat convallis. Morbi odio odio, elementum eu, interdum eu, tincidunt in, leo. Maecenas pulvinar lobortis est.

Phasellus sit amet erat. Nulla tempus. Vivamus in felis eu sapien cursus vestibulum.",7,226,http://dummyimage.com/249x100.png/dddddd/000000,https://cdc.gov/potenti.png,61.98,57.33,22.92,8.29
60918387-621b-44ed-af00-1093efcfda05,at ipsum ac,"Sed sagittis. Nam congue, risus semper porta volutpat, quam pede lobortis ligula, sit amet eleifend pede libero quis orci. Nullam molestie nibh in lectus.

Pellentesque at nulla. Suspendisse potenti. Cras in purus eu magna vulputate luctus.",7,91,http://dummyimage.com/124x100.png/dddddd/000000,http://ed.gov/morbi.xml,47.27,53.97,68.04,64.61
d14f10a1-b4c7-4434-a145-72d2ca15495d,praesent id massa,"Lorem ipsum dolor sit amet, consectetuer adipiscing elit. Proin risus. Praesent lectus.

Vestibulum quam sapien, varius ut, blandit non, interdum in, ante. Vestibulum ante ipsum primis in faucibus orci luctus et ultrices posuere cubilia Curae; Duis faucibus accumsan odio. Curabitur convallis.",2,286,http://dummyimage.com/217x100.png/ff4444/ffffff,http://wiley.com/consequat/in/consequat/ut/nulla/sed/accumsan.aspx,7.38,67.74,51.23,24.42
ddaa038a-6e3c-4657-a304-c1cce916c881,dolor sit amet,In hac habitasse platea dictumst. Etiam faucibus cursus urna. Ut tellus.,1,282,http://dummyimage.com/219x100.png/ff4444/ffffff,http://e-recht24.de/convallis/duis.html,53.24,23.07,85.82,3.05
53ba5ae1-478d-409d-ba3c-05130f1c5916,nulla mollis molestie,"Cras non velit nec nisi vulputate nonummy. Maecenas tincidunt lacus at velit. Vivamus vel nulla eget eros elementum pellentesque.

Quisque porta volutpat erat. Quisque erat eros, viverra eget, congue eget, semper rutrum, nulla. Nunc purus.

Phasellus in felis. Donec semper sapien a libero. Nam dui.",9,1,http://dummyimage.com/162x100.png/5fa2dd/ffffff,https://dagondesign.com/quisque/ut/erat/curabitur.aspx,5.64,72.75,52.09,47.4
6193aee4-183d-462b-8cc7-b71f4eb9e431,eget nunc donec,"Curabitur in libero ut massa volutpat convallis. Morbi odio odio, elementum eu, interdum eu, tincidunt in, leo. Maecenas pulvinar lobortis est.",1,213,http://dummyimage.com/148x100.png/ff4444/ffffff,http://spotify.com/justo/lacinia/eget/tincidunt/eget.js,45.84,34.05,42.45,4.56
f34b4f31-f4f6-468c-9b91-da59cba67d09,lorem,"Praesent id massa id nisl venenatis lacinia. Aenean sit amet justo. Morbi ut odio.

Cras mi pede, malesuada in, imperdiet et, commodo vulputate, justo. In blandit ultrices enim. Lorem ipsum dolor sit amet, consectetuer adipiscing elit.",4,292,http://dummyimage.com/247x100.png/dddddd/000000,https://sogou.com/praesent/blandit/nam/nulla/integer/pede.html,82.95,17.33,39.67,26.71
419da3d4-8143-40c2-b938-d8d0c70fba5d,integer aliquet,Pellentesque at nulla. Suspendisse potenti. Cras in purus eu magna vulputate luctus.,4,125,http://dummyimage.com/139x100.png/ff4444/ffffff,https://independent.co.uk/pede/malesuada/in.xml,55.11,41.2,6.73,83.96
a858d692-c957-4421-a528-ece1cd1a6cc7,suspendisse,"Donec diam neque, vestibulum eget, vulputate ut, ultrices vel, augue. Vestibulum ante ipsum primis in faucibus orci luctus et ultrices posuere cubilia Curae; Donec pharetra, magna vestibulum aliquet ultrices, erat tortor sollicitudin mi, sit amet lobortis sapien sapien non mi. Integer ac neque.",1,99,http://dummyimage.com/235x100.png/dddddd/000000,http://scientificamerican.com/pellentesque/at/nulla/suspendisse/potenti/cras.jsp,51.03,35.98,66.7,86.02
40362c7f-2e87-43a4-bf76-bd11396e5a61,molestie,In congue. Etiam justo. Etiam pretium iaculis justo.,4,271,http://dummyimage.com/166x100.png/5fa2dd/ffffff,https://independent.co.uk/vestibulum/sit.jpg,13.68,25.13,64.04,72.76
ff5ee045-1ae7-43f2-8050-7f11c52bb8fb,dis parturient montes,"Phasellus sit amet erat. Nulla tempus. Vivamus in felis eu sapien cursus vestibulum.

Proin eu mi. Nulla ac enim. In tempor, turpis nec euismod scelerisque, quam turpis adipiscing lorem, vitae mattis nibh ligula nec sem.",9,290,http://dummyimage.com/136x100.png/cc0000/ffffff,http://about.me/commodo/vulputate/justo/in/blandit.jpg,80.02,67.92,34.63,62.39
f623e052-54a6-4320-b5da-a566d222a512,a feugiat,"In congue. Etiam justo. Etiam pretium iaculis justo.

In hac habitasse platea dictumst. Etiam faucibus cursus urna. Ut tellus.",9,101,http://dummyimage.com/125x100.png/dddddd/000000,http://uiuc.edu/vitae/consectetuer/eget.jpg,19.35,62.29,46.49,47.36
1b16911a-1ef7-47dd-80be-cdad535ac6ff,mattis nibh ligula,"Praesent id massa id nisl venenatis lacinia. Aenean sit amet justo. Morbi ut odio.

Cras mi pede, malesuada in, imperdiet et, commodo vulputate, justo. In blandit ultrices enim. Lorem ipsum dolor sit amet, consectetuer adipiscing elit.",7,183,http://dummyimage.com/139x100.png/ff4444/ffffff,http://weibo.com/quis/libero/nullam/sit/amet/turpis/elementum.json,89.52,36.79,98.14,17.75
199234eb-328a-492f-becf-2c6cb9fa450a,in,"Duis consequat dui nec nisi volutpat eleifend. Donec ut dolor. Morbi vel lectus in quam fringilla rhoncus.

Mauris enim leo, rhoncus sed, vestibulum sit amet, cursus id, turpis. Integer aliquet, massa id lobortis convallis, tortor risus dapibus augue, vel accumsan tellus nisi eu orci. Mauris lacinia sapien quis libero.",10,298,http://dummyimage.com/209x100.png/5fa2dd/ffffff,http://telegraph.co.uk/at/nunc/commodo/placerat/praesent/blandit/nam.js,39.86,30.78,58.83,77.32
3c472e2e-b9bc-48e0-bf9b-25739816d733,enim leo,Nullam porttitor lacus at turpis. Donec posuere metus vitae ipsum. Aliquam non mauris.,1,163,http://dummyimage.com/145x100.png/dddddd/000000,http://histats.com/vestibulum/rutrum/rutrum/neque/aenean/auctor.xml,35.99,16.67,5.59,49.0
3d0b559e-0b98-43a8-a964-871d2ab2b3cb,a pede posuere,"Cras mi pede, malesuada in, imperdiet et, commodo vulputate, justo. In blandit ultrices enim. Lorem ipsum dolor sit amet, consectetuer adipiscing elit.

Proin interdum mauris non ligula pellentesque ultrices. Phasellus id sapien in sapien iaculis congue. Vivamus metus arcu, adipiscing molestie, hendrerit at, vulputate vitae, nisl.",9,295,http://dummyimage.com/189x100.png/dddddd/000000,https://de.vu/ut/ultrices/vel/augue.js,59.51,75.17,4.81,44.98
17a4001b-805f-4a70-9c7f-66e93f799b65,nisl,"Lorem ipsum dolor sit amet, consectetuer adipiscing elit. Proin risus. Praesent lectus.",3,118,http://dummyimage.com/222x100.png/ff4444/ffffff,http://disqus.com/morbi/vestibulum/velit/id/pretium/iaculis/diam.xml,12.36,59.46,50.77,9.13
154ccc56-5240-4674-91ed-85d8da27828d,diam,"Vestibulum quam sapien, varius ut, blandit non, interdum in, ante. Vestibulum ante ipsum primis in faucibus orci luctus et ultrices posuere cubilia Curae; Duis faucibus accumsan odio. Curabitur convallis.

Duis consequat dui nec nisi volutpat eleifend. Donec ut dolor. Morbi vel lectus in quam fringilla rhoncus.

Mauris enim leo, rhoncus sed, vestibulum sit amet, cursus id, turpis. Integer aliquet, massa id lobortis convallis, tortor risus dapibus augue, vel accumsan tellus nisi eu orci. Mauris lacinia sapien quis libero.",7,216,http://dummyimage.com/165x100.png/cc0000/ffffff,http://tumblr.com/turpis/nec/euismod/scelerisque/quam.jpg,24.94,92.06,23.16,1.15
a34d5053-8b66-4de6-8bab-3c7888082f5c,interdum eu,"Lorem ipsum dolor sit amet, consectetuer adipiscing elit. Proin risus. Praesent lectus.",5,115,http://dummyimage.com/209x100.png/dddddd/000000,http://cloudflare.com/quisque/id/justo.jsp,74.0,26.47,64.25,59.5
108faa9c-51d6-4078-a043-cfe2670c54e0,elementum eu interdum,"Maecenas ut massa quis augue luctus tincidunt. Nulla mollis molestie lorem. Quisque ut erat.

Curabitur gravida nisi at nibh. In hac habitasse platea dictumst. Aliquam augue quam, sollicitudin vitae, consectetuer eget, rutrum at, lorem.

Integer tincidunt ante vel ipsum. Praesent blandit lacinia erat. Vestibulum sed magna at nunc commodo placerat.",2,66,http://dummyimage.com/161x100.png/5fa2dd/ffffff,http://google.co.uk/luctus.json,96.24,19.48,68.74,59.72
db7408bd-d227-4d70-aa3b-9adc647a9b58,habitasse platea,"Curabitur in libero ut massa volutpat convallis. Morbi odio odio, elementum eu, interdum eu, tincidunt in, leo. Maecenas pulvinar lobortis est.

Phasellus sit amet erat. Nulla tempus. Vivamus in felis eu sapien cursus vestibulum.

Proin eu mi. Nulla ac enim. In tempor, turpis nec euismod scelerisque, quam turpis adipiscing lorem, vitae mattis nibh ligula nec sem.",8,154,http://dummyimage.com/118x100.png/ff4444/ffffff,https://ucoz.com/pulvinar/lobortis/est/phasellus/sit/amet.html,5.06,82.38,87.39,13.68
c77f1cf7-dd5c-4557-83c4-4fc9a8dfb822,sed tincidunt eu,"Proin eu mi. Nulla ac enim. In tempor, turpis nec euismod scelerisque, quam turpis adipiscing lorem, vitae mattis nibh ligula nec sem.

Duis aliquam convallis nunc. Proin at turpis a pede posuere nonummy. Integer non velit.",10,14,http://dummyimage.com/158x100.png/cc0000/ffffff,http://cnbc.com/id/nulla/ultrices/aliquet/maecenas.jpg,15.56,53.03,34.58,5.97
37989510-1413-4e39-9b98-be10b49d339a,nunc proin,"Duis bibendum, felis sed interdum venenatis, turpis enim blandit mi, in porttitor pede justo eu massa. Donec dapibus. Duis at velit eu est congue elementum.

In hac habitasse platea dictumst. Morbi vestibulum, velit id pretium iaculis, diam erat fermentum justo, nec condimentum neque sapien placerat ante. Nulla justo.

Aliquam quis turpis eget elit sodales scelerisque. Mauris sit amet eros. Suspendisse accumsan tortor quis turpis.",10,266,http://dummyimage.com/107x100.png/cc0000/ffffff,http://about.me/potenti/in/eleifend/quam/a/odio.jpg,53.05,3.01,53.91,30.48
4952708a-776d-46a1-8d36-7525667ebc88,pulvinar sed nisl,"Curabitur gravida nisi at nibh. In hac habitasse platea dictumst. Aliquam augue quam, sollicitudin vitae, consectetuer eget, rutrum at, lorem.

Integer tincidunt ante vel ipsum. Praesent blandit lacinia erat. Vestibulum sed magna at nunc commodo placerat.",8,7,http://dummyimage.com/133x100.png/5fa2dd/ffffff,http://weather.com/morbi/non/lectus/aliquam/sit/amet.html,18.18,72.68,77.42,66.22
d3e38785-0312-453e-8d3e-a26e18dd4c9d,natoque penatibus et,Maecenas ut massa quis augue luctus tincidunt. Nulla mollis molestie lorem. Quisque ut erat.,2,149,http://dummyimage.com/191x100.png/5fa2dd/ffffff,https://trellian.com/in/hac/habitasse/platea/dictumst/maecenas.xml,58.88,41.9,40.97,41.09
f710314f-dbe5-4241-8327-88c9868b7db5,vel nulla eget,"Nulla ut erat id mauris vulputate elementum. Nullam varius. Nulla facilisi.

Cras non velit nec nisi vulputate nonummy. Maecenas tincidunt lacus at velit. Vivamus vel nulla eget eros elementum pellentesque.

Quisque porta volutpat erat. Quisque erat eros, viverra eget, congue eget, semper rutrum, nulla. Nunc purus.",10,171,http://dummyimage.com/118x100.png/dddddd/000000,http://netlog.com/nulla/ut/erat/id/mauris.jpg,90.33,65.4,42.29,46.47
9e1a6a83-b55a-49fb-9cc5-d993765c4c30,lectus,"Nullam sit amet turpis elementum ligula vehicula consequat. Morbi a ipsum. Integer a nibh.

In quis justo. Maecenas rhoncus aliquam lacus. Morbi quis tortor id nulla ultrices aliquet.

Maecenas leo odio, condimentum id, luctus nec, molestie sed, justo. Pellentesque viverra pede ac diam. Cras pellentesque volutpat dui.",7,114,http://dummyimage.com/198x100.png/5fa2dd/ffffff,http://usatoday.com/pede.xml,24.9,49.93,23.44,8.12
2b02e403-bbe1-4a26-976b-bad0700ab0ce,ultrices phasellus id,"Morbi porttitor lorem id ligula. Suspendisse ornare consequat lectus. In est risus, auctor sed, tristique in, tempus sit amet, sem.

Fusce consequat. Nulla nisl. Nunc nisl.

Duis bibendum, felis sed interdum venenatis, turpis enim blandit mi, in porttitor pede justo eu massa. Donec dapibus. Duis at velit eu est congue elementum.",7,206,http://dummyimage.com/131x100.png/dddddd/000000,http://nasa.gov/diam/cras/pellentesque/volutpat/dui/maecenas.jsp,95.29,84.85,39.33,4.96
743bdd6c-ab10-4592-a402-4abbabab22d3,varius,"Suspendisse potenti. In eleifend quam a odio. In hac habitasse platea dictumst.

Maecenas ut massa quis augue luctus tincidunt. Nulla mollis molestie lorem. Quisque ut erat.

Curabitur gravida nisi at nibh. In hac habitasse platea dictumst. Aliquam augue quam, sollicitudin vitae, consectetuer eget, rutrum at, lorem.",4,109,http://dummyimage.com/150x100.png/dddddd/000000,http://google.nl/cubilia.jsp,7.69,17.85,41.73,93.71
7b973da5-ea63-44b9-9701-d73f95b08475,venenatis,"Duis bibendum, felis sed interdum venenatis, turpis enim blandit mi, in porttitor pede justo eu massa. Donec dapibus. Duis at velit eu est congue elementum.

In hac habitasse platea dictumst. Morbi vestibulum, velit id pretium iaculis, diam erat fermentum justo, nec condimentum neque sapien placerat ante. Nulla justo.

Aliquam quis turpis eget elit sodales scelerisque. Mauris sit amet eros. Suspendisse accumsan tortor quis turpis.",1,98,http://dummyimage.com/121x100.png/ff4444/ffffff,https://examiner.com/nulla/sed/vel/enim/sit/amet/nunc.jpg,70.7,65.77,68.36,54.27
01ca24ca-1d1a-43cb-a193-184cc55c1c58,etiam,"Proin leo odio, porttitor id, consequat in, consequat ut, nulla. Sed accumsan felis. Ut at dolor quis odio consequat varius.",10,244,http://dummyimage.com/150x100.png/ff4444/ffffff,https://cnn.com/ante/ipsum/primis/in/faucibus/orci/luctus.xml,10.64,43.12,75.53,79.19
870eed6c-b859-4eed-bf9b-f44147562ea6,lectus pellentesque,"Morbi porttitor lorem id ligula. Suspendisse ornare consequat lectus. In est risus, auctor sed, tristique in, tempus sit amet, sem.",5,167,http://dummyimage.com/107x100.png/cc0000/ffffff,http://instagram.com/sed/sagittis/nam/congue/risus/semper/porta.jsp,10.14,1.71,20.37,32.93
baf70da9-cc7c-4e38-9afd-14f513b979c4,nisi volutpat,"Fusce consequat. Nulla nisl. Nunc nisl.

Duis bibendum, felis sed interdum venenatis, turpis enim blandit mi, in porttitor pede justo eu massa. Donec dapibus. Duis at velit eu est congue elementum.",2,243,http://dummyimage.com/107x100.png/cc0000/ffffff,http://microsoft.com/hac/habitasse/platea/dictumst.jpg,25.75,41.31,48.1,6.62
20ab615f-d05d-4f13-8685-b88756eff68b,id,"Praesent id massa id nisl venenatis lacinia. Aenean sit amet justo. Morbi ut odio.

Cras mi pede, malesuada in, imperdiet et, commodo vulputate, justo. In blandit ultrices enim. Lorem ipsum dolor sit amet, consectetuer adipiscing elit.

Proin interdum mauris non ligula pellentesque ultrices. Phasellus id sapien in sapien iaculis congue. Vivamus metus arcu, adipiscing molestie, hendrerit at, vulputate vitae, nisl.",9,134,http://dummyimage.com/103x100.png/dddddd/000000,https://mtv.com/non/mauris/morbi.js,66.37,40.15,32.66,73.48
246ecfb3-0e31-44a8-b414-29940403c478,nisl,"Cras mi pede, malesuada in, imperdiet et, commodo vulputate, justo. In blandit ultrices enim. Lorem ipsum dolor sit amet, consectetuer adipiscing elit.

Proin interdum mauris non ligula pellentesque ultrices. Phasellus id sapien in sapien iaculis congue. Vivamus metus arcu, adipiscing molestie, hendrerit at, vulputate vitae, nisl.",9,181,http://dummyimage.com/239x100.png/cc0000/ffffff,http://eepurl.com/aliquam/erat/volutpat/in.html,65.35,65.79,18.79,73.83
e8aa4db7-1bf8-446a-996c-cc6334eb2457,elit sodales scelerisque,"Morbi non lectus. Aliquam sit amet diam in magna bibendum imperdiet. Nullam orci pede, venenatis non, sodales sed, tincidunt eu, felis.

Fusce posuere felis sed lacus. Morbi sem mauris, laoreet ut, rhoncus aliquet, pulvinar sed, nisl. Nunc rhoncus dui vel sem.",5,264,http://dummyimage.com/156x100.png/cc0000/ffffff,https://de.vu/aenean/lectus/pellentesque/eget/nunc.png,38.53,62.25,87.08,42.22
d209e42c-7bf3-4ec8-9acd-037ce78e4d6f,vel ipsum praesent,Nullam porttitor lacus at turpis. Donec posuere metus vitae ipsum. Aliquam non mauris.,3,288,http://dummyimage.com/235x100.png/cc0000/ffffff,http://cdbaby.com/sit/amet/eleifend/pede.jpg,67.24,7.86,72.42,74.84
01dea86f-5059-433b-9355-b90e6c5a4781,porta volutpat,"Nam ultrices, libero non mattis pulvinar, nulla pede ullamcorper augue, a suscipit nulla elit ac nulla. Sed vel enim sit amet nunc viverra dapibus. Nulla suscipit ligula in lacus.

Curabitur at ipsum ac tellus semper interdum. Mauris ullamcorper purus sit amet nulla. Quisque arcu libero, rutrum ac, lobortis vel, dapibus at, diam.",3,299,http://dummyimage.com/153x100.png/dddddd/000000,http://pinterest.com/nec/sem/duis.js,90.43,45.06,59.69,76.84
f4810795-d25e-42c4-b022-eb5c25c6e6e3,duis consequat,"Cras non velit nec nisi vulputate nonummy. Maecenas tincidunt lacus at velit. Vivamus vel nulla eget eros elementum pellentesque.

Quisque porta volutpat erat. Quisque erat eros, viverra eget, congue eget, semper rutrum, nulla. Nunc purus.

Phasellus in felis. Donec semper sapien a libero. Nam dui.",2,231,http://dummyimage.com/207x100.png/ff4444/ffffff,https://mtv.com/luctus/rutrum.jsp,96.51,63.64,75.63,5.13
8e5cc6ee-88a4-4461-aa7b-101673a14719,erat tortor,"Nam ultrices, libero non mattis pulvinar, nulla pede ullamcorper augue, a suscipit nulla elit ac nulla. Sed vel enim sit amet nunc viverra dapibus. Nulla suscipit ligula in lacus.",4,259,http://dummyimage.com/248x100.png/5fa2dd/ffffff,http://blogspot.com/amet/consectetuer/adipiscing.jsp,11.28,4.88,84.08,39.69
7e642a4d-09a6-4494-b906-d1bd20be4d99,eleifend donec,"Aenean lectus. Pellentesque eget nunc. Donec quis orci eget orci vehicula condimentum.

Curabitur in libero ut massa volutpat convallis. Morbi odio odio, elementum eu, interdum eu, tincidunt in, leo. Maecenas pulvinar lobortis est.

Phasellus sit amet erat. Nulla tempus. Vivamus in felis eu sapien cursus vestibulum.",1,26,http://dummyimage.com/189x100.png/cc0000/ffffff,http://google.co.uk/auctor/sed/tristique/in/tempus.aspx,29.8,48.54,72.03,96.16
93dc0d87-53e6-45ce-8c6e-3542b9c84cde,in congue etiam,Sed ante. Vivamus tortor. Duis mattis egestas metus.,4,148,http://dummyimage.com/230x100.png/cc0000/ffffff,https://plala.or.jp/in/ante.xml,67.85,25.83,33.18,83.24
18532bd4-3b84-439a-baf4-d8465cf8c552,porttitor lacus at,Integer tincidunt ante vel ipsum. Praesent blandit lacinia erat. Vestibulum sed magna at nunc commodo placerat.,3,6,http://dummyimage.com/210x100.png/5fa2dd/ffffff,https://statcounter.com/enim/lorem/ipsum/dolor/sit.aspx,3.86,41.6,85.03,32.76
f8c82bd8-25be-4516-b826-b0d4d8d4f34a,ac tellus semper,"Nullam porttitor lacus at turpis. Donec posuere metus vitae ipsum. Aliquam non mauris.

Morbi non lectus. Aliquam sit amet diam in magna bibendum imperdiet. Nullam orci pede, venenatis non, sodales sed, tincidunt eu, felis.

Fusce posuere felis sed lacus. Morbi sem mauris, laoreet ut, rhoncus aliquet, pulvinar sed, nisl. Nunc rhoncus dui vel sem.",7,103,http://dummyimage.com/222x100.png/ff4444/ffffff,https://phpbb.com/varius/ut/blandit/non/interdum/in/ante.json,33.27,31.96,58.41,68.36
4499d80d-5855-43d7-96a8-f8318bf52606,dui luctus rutrum,"Vestibulum quam sapien, varius ut, blandit non, interdum in, ante. Vestibulum ante ipsum primis in faucibus orci luctus et ultrices posuere cubilia Curae; Duis faucibus accumsan odio. Curabitur convallis.",8,125,http://dummyimage.com/203x100.png/5fa2dd/ffffff,https://ycombinator.com/purus.xml,92.39,19.36,99.78,81.96
b30669ac-2675-44cd-a24c-f052dc97e54d,nibh,"Nam ultrices, libero non mattis pulvinar, nulla pede ullamcorper augue, a suscipit nulla elit ac nulla. Sed vel enim sit amet nunc viverra dapibus. Nulla suscipit ligula in lacus.

Curabitur at ipsum ac tellus semper interdum. Mauris ullamcorper purus sit amet nulla. Quisque arcu libero, rutrum ac, lobortis vel, dapibus at, diam.",3,234,http://dummyimage.com/109x100.png/dddddd/000000,https://seesaa.net/quis/augue/luctus.jpg,4.3,35.89,16.19,53.94
4b0b3c2f-2abb-43b6-9567-74b81c815b9f,aliquet,"Suspendisse potenti. In eleifend quam a odio. In hac habitasse platea dictumst.

Maecenas ut massa quis augue luctus tincidunt. Nulla mollis molestie lorem. Quisque ut erat.

Curabitur gravida nisi at nibh. In hac habitasse platea dictumst. Aliquam augue quam, sollicitudin vitae, consectetuer eget, rutrum at, lorem.",4,94,http://dummyimage.com/182x100.png/dddddd/000000,http://indiegogo.com/accumsan/tellus/nisi/eu/orci.jsp,1.2,83.63,54.6,72.96
a0a555dd-9e84-4060-a39f-9133b1d637e3,non velit,"Aenean lectus. Pellentesque eget nunc. Donec quis orci eget orci vehicula condimentum.

Curabitur in libero ut massa volutpat convallis. Morbi odio odio, elementum eu, interdum eu, tincidunt in, leo. Maecenas pulvinar lobortis est.

Phasellus sit amet erat. Nulla tempus. Vivamus in felis eu sapien cursus vestibulum.",7,157,http://dummyimage.com/246x100.png/dddddd/000000,http://discovery.com/non/interdum/in/ante/vestibulum/ante.xml,73.94,19.3,72.61,49.48
11a0c526-238b-46f1-aa61-048c840820b3,sagittis dui vel,"Proin interdum mauris non ligula pellentesque ultrices. Phasellus id sapien in sapien iaculis congue. Vivamus metus arcu, adipiscing molestie, hendrerit at, vulputate vitae, nisl.",8,78,http://dummyimage.com/238x100.png/dddddd/000000,http://baidu.com/curabitur/convallis/duis/consequat/dui/nec/nisi.jpg,74.72,43.12,28.48,54.49
b32f18c4-d2bb-4cca-bbcf-27b87b53eb9e,donec semper sapien,"Duis bibendum, felis sed interdum venenatis, turpis enim blandit mi, in porttitor pede justo eu massa. Donec dapibus. Duis at velit eu est congue elementum.

In hac habitasse platea dictumst. Morbi vestibulum, velit id pretium iaculis, diam erat fermentum justo, nec condimentum neque sapien placerat ante. Nulla justo.

Aliquam quis turpis eget elit sodales scelerisque. Mauris sit amet eros. Suspendisse accumsan tortor quis turpis.",10,212,http://dummyimage.com/236x100.png/cc0000/ffffff,https://washington.edu/sit/amet/eleifend/pede/libero.jsp,74.58,76.15,96.01,5.42
b6d5594d-60a9-4410-8696-9ba40bc0a6d8,tortor eu,"Curabitur in libero ut massa volutpat convallis. Morbi odio odio, elementum eu, interdum eu, tincidunt in, leo. Maecenas pulvinar lobortis est.

Phasellus sit amet erat. Nulla tempus. Vivamus in felis eu sapien cursus vestibulum.",6,26,http://dummyimage.com/215x100.png/dddddd/000000,https://home.pl/justo/etiam/pretium.html,89.23,77.53,91.27,6.32
41fb4fd2-f422-4d3b-89d4-fe2ff7106e59,pulvinar nulla pede,"Vestibulum ac est lacinia nisi venenatis tristique. Fusce congue, diam id ornare imperdiet, sapien urna pretium nisl, ut volutpat sapien arcu sed augue. Aliquam erat volutpat.

In congue. Etiam justo. Etiam pretium iaculis justo.

In hac habitasse platea dictumst. Etiam faucibus cursus urna. Ut tellus.",7,78,http://dummyimage.com/108x100.png/cc0000/ffffff,http://si.edu/vulputate/elementum/nullam/varius/nulla/facilisi.json,2.1,74.11,12.83,12.27
8581eeb4-1242-48bd-b452-4dd631398631,est congue,"Quisque porta volutpat erat. Quisque erat eros, viverra eget, congue eget, semper rutrum, nulla. Nunc purus.

Phasellus in felis. Donec semper sapien a libero. Nam dui.

Proin leo odio, porttitor id, consequat in, consequat ut, nulla. Sed accumsan felis. Ut at dolor quis odio consequat varius.",10,44,http://dummyimage.com/244x100.png/dddddd/000000,https://privacy.gov.au/tellus/nulla/ut/erat/id.jpg,60.97,22.18,63.03,70.7
ce5ede28-4144-47d9-8278-5a2f8f980ea4,accumsan odio curabitur,"Aenean lectus. Pellentesque eget nunc. Donec quis orci eget orci vehicula condimentum.

Curabitur in libero ut massa volutpat convallis. Morbi odio odio, elementum eu, interdum eu, tincidunt in, leo. Maecenas pulvinar lobortis est.",6,60,http://dummyimage.com/243x100.png/5fa2dd/ffffff,https://mapy.cz/nulla/sed/vel/enim/sit/amet/nunc.xml,4.83,67.97,34.37,91.58
0428cba6-4031-45ab-a2df-c99f00ef9e36,lectus,"Aenean fermentum. Donec ut mauris eget massa tempor convallis. Nulla neque libero, convallis eget, eleifend luctus, ultricies eu, nibh.

Quisque id justo sit amet sapien dignissim vestibulum. Vestibulum ante ipsum primis in faucibus orci luctus et ultrices posuere cubilia Curae; Nulla dapibus dolor vel est. Donec odio justo, sollicitudin ut, suscipit a, feugiat et, eros.

Vestibulum ac est lacinia nisi venenatis tristique. Fusce congue, diam id ornare imperdiet, sapien urna pretium nisl, ut volutpat sapien arcu sed augue. Aliquam erat volutpat.",2,270,http://dummyimage.com/162x100.png/dddddd/000000,https://networkadvertising.org/proin/at.png,77.72,42.07,15.97,23.78
a62d1705-38ae-4611-91a3-79ca24644360,elementum pellentesque,"Sed sagittis. Nam congue, risus semper porta volutpat, quam pede lobortis ligula, sit amet eleifend pede libero quis orci. Nullam molestie nibh in lectus.

Pellentesque at nulla. Suspendisse potenti. Cras in purus eu magna vulputate luctus.",9,199,http://dummyimage.com/185x100.png/dddddd/000000,https://blogs.com/suscipit/nulla/elit/ac.jsp,99.34,81.39,84.16,74.74
4bce04e6-54bc-4111-bf2d-96f5d6bbd272,vestibulum,"Praesent blandit. Nam nulla. Integer pede justo, lacinia eget, tincidunt eget, tempus vel, pede.

Morbi porttitor lorem id ligula. Suspendisse ornare consequat lectus. In est risus, auctor sed, tristique in, tempus sit amet, sem.

Fusce consequat. Nulla nisl. Nunc nisl.",2,233,http://dummyimage.com/131x100.png/5fa2dd/ffffff,http://skype.com/convallis/eget/eleifend/luctus/ultricies/eu.js,90.98,33.99,47.07,28.92
b97f95e9-746d-4733-aef0-98ef979c803e,rutrum at lorem,Nulla ut erat id mauris vulputate elementum. Nullam varius. Nulla facilisi.,8,17,http://dummyimage.com/237x100.png/dddddd/000000,https://tamu.edu/nulla/suscipit/ligula.xml,32.68,43.2,98.51,73.72
d4cfd94f-b37a-4359-87a4-663e0b22e4fa,aenean fermentum,"Lorem ipsum dolor sit amet, consectetuer adipiscing elit. Proin risus. Praesent lectus.

Vestibulum quam sapien, varius ut, blandit non, interdum in, ante. Vestibulum ante ipsum primis in faucibus orci luctus et ultrices posuere cubilia Curae; Duis faucibus accumsan odio. Curabitur convallis.",8,143,http://dummyimage.com/124x100.png/cc0000/ffffff,https://amazon.com/sapien/varius.jsp,37.68,59.64,38.37,81.42
06a79b41-ecf8-48f6-a944-f552e2b77e92,nunc viverra dapibus,"Praesent blandit. Nam nulla. Integer pede justo, lacinia eget, tincidunt eget, tempus vel, pede.

Morbi porttitor lorem id ligula. Suspendisse ornare consequat lectus. In est risus, auctor sed, tristique in, tempus sit amet, sem.

Fusce consequat. Nulla nisl. Nunc nisl.",10,244,http://dummyimage.com/214x100.png/5fa2dd/ffffff,https://uol.com.br/ridiculus/mus/vivamus/vestibulum.json,66.89,48.81,12.28,27.37
c50db55a-fd16-4960-b019-3c6770ccd32c,vestibulum proin eu,"Maecenas ut massa quis augue luctus tincidunt. Nulla mollis molestie lorem. Quisque ut erat.

Curabitur gravida nisi at nibh. In hac habitasse platea dictumst. Aliquam augue quam, sollicitudin vitae, consectetuer eget, rutrum at, lorem.

Integer tincidunt ante vel ipsum. Praesent blandit lacinia erat. Vestibulum sed magna at nunc commodo placerat.",10,37,http://dummyimage.com/202x100.png/cc0000/ffffff,http://jimdo.com/eros/viverra.jpg,71.03,65.87,32.23,60.64
24a70756-453f-4d83-8907-08b9d89aace8,luctus rutrum,"Suspendisse potenti. In eleifend quam a odio. In hac habitasse platea dictumst.

Maecenas ut massa quis augue luctus tincidunt. Nulla mollis molestie lorem. Quisque ut erat.

Curabitur gravida nisi at nibh. In hac habitasse platea dictumst. Aliquam augue quam, sollicitudin vitae, consectetuer eget, rutrum at, lorem.",2,217,http://dummyimage.com/142x100.png/cc0000/ffffff,http://netlog.com/posuere/cubilia/curae/mauris/viverra.jsp,74.16,77.0,87.26,82.84
6f1a39f2-7ade-481f-a9bb-508b27975718,nisi eu orci,"Quisque id justo sit amet sapien dignissim vestibulum. Vestibulum ante ipsum primis in faucibus orci luctus et ultrices posuere cubilia Curae; Nulla dapibus dolor vel est. Donec odio justo, sollicitudin ut, suscipit a, feugiat et, eros.

Vestibulum ac est lacinia nisi venenatis tristique. Fusce congue, diam id ornare imperdiet, sapien urna pretium nisl, ut volutpat sapien arcu sed augue. Aliquam erat volutpat.

In congue. Etiam justo. Etiam pretium iaculis justo.",4,186,http://dummyimage.com/168x100.png/ff4444/ffffff,http://gmpg.org/elit/proin/risus/praesent/lectus/vestibulum.xml,9.25,3.06,16.69,23.85
3d2cc2f7-a764-4da8-b1ae-47b237d9ecc0,ut massa volutpat,"Nullam porttitor lacus at turpis. Donec posuere metus vitae ipsum. Aliquam non mauris.

Morbi non lectus. Aliquam sit amet diam in magna bibendum imperdiet. Nullam orci pede, venenatis non, sodales sed, tincidunt eu, felis.

Fusce posuere felis sed lacus. Morbi sem mauris, laoreet ut, rhoncus aliquet, pulvinar sed, nisl. Nunc rhoncus dui vel sem.",8,234,http://dummyimage.com/114x100.png/cc0000/ffffff,http://amazon.de/curabitur/at/ipsum/ac.json,93.51,96.29,31.64,89.2
d14f459c-4037-49c8-83e3-9258c05bd9d5,tempor turpis nec,"Integer ac leo. Pellentesque ultrices mattis odio. Donec vitae nisi.

Nam ultrices, libero non mattis pulvinar, nulla pede ullamcorper augue, a suscipit nulla elit ac nulla. Sed vel enim sit amet nunc viverra dapibus. Nulla suscipit ligula in lacus.",8,298,http://dummyimage.com/120x100.png/5fa2dd/ffffff,http://aol.com/feugiat/et/eros/vestibulum/ac/est.html,94.99,37.37,40.5,71.4
4a784213-e4c9-403d-858f-797cd54f9fca,sem praesent id,,3,2,http://dummyimage.com/175x100.png/dddddd/000000,https://vimeo.com/praesent.jpg,21.8,70.1,32.29,31.85
00b77ddd-7de4-4c46-b2ae-22c0285592fe,volutpat eleifend,"Sed sagittis. Nam congue, risus semper porta volutpat, quam pede lobortis ligula, sit amet eleifend pede libero quis orci. Nullam molestie nibh in lectus.",4,214,http://dummyimage.com/154x100.png/dddddd/000000,https://sphinn.com/lectus/pellentesque/eget.js,84.4,30.29,53.59,38.68
4d5f6eb6-752f-4b47-8795-7e0d5be76d56,in quam fringilla,"Quisque id justo sit amet sapien dignissim vestibulum. Vestibulum ante ipsum primis in faucibus orci luctus et ultrices posuere cubilia Curae; Nulla dapibus dolor vel est. Donec odio justo, sollicitudin ut, suscipit a, feugiat et, eros.

Vestibulum ac est lacinia nisi venenatis tristique. Fusce congue, diam id ornare imperdiet, sapien urna pretium nisl, ut volutpat sapien arcu sed augue. Aliquam erat volutpat.

In congue. Etiam justo. Etiam pretium iaculis justo.",7,185,http://dummyimage.com/249x100.png/cc0000/ffffff,https://skyrock.com/nibh/fusce/lacus/purus/aliquet/at/feugiat.js,14.05,38.72,46.83,2.47
ca4be5f0-bf8d-4766-9367-80213a2e0cfd,rhoncus aliquam lacus,"Vestibulum ac est lacinia nisi venenatis tristique. Fusce congue, diam id ornare imperdiet, sapien urna pretium nisl, ut volutpat sapien arcu sed augue. Aliquam erat volutpat.",6,209,http://dummyimage.com/128x100.png/ff4444/ffffff,http://wordpress.org/vivamus/in/felis/eu/sapien.html,64.1,29.85,83.71,13.16
ef6427cb-2b01-4e25-96fe-0f91d7e693c5,nec condimentum,Aenean lectus. Pellentesque eget nunc. Donec quis orci eget orci vehicula condimentum.,2,64,http://dummyimage.com/193x100.png/5fa2dd/ffffff,http://archive.org/mauris/non/ligula/pellentesque/ultrices/phasellus/id.js,55.91,6.33,41.65,22.97
bbcc25cc-23f0-45cb-9f80-cf80657bb686,id,"Duis bibendum. Morbi non quam nec dui luctus rutrum. Nulla tellus.

In sagittis dui vel nisl. Duis ac nibh. Fusce lacus purus, aliquet at, feugiat non, pretium quis, lectus.",1,218,http://dummyimage.com/189x100.png/5fa2dd/ffffff,http://state.tx.us/at/ipsum.aspx,91.05,85.46,23.08,15.95
9383285b-8fb4-4408-ac5a-fb681251962b,odio porttitor id,"Proin leo odio, porttitor id, consequat in, consequat ut, nulla. Sed accumsan felis. Ut at dolor quis odio consequat varius.

Integer ac leo. Pellentesque ultrices mattis odio. Donec vitae nisi.

Nam ultrices, libero non mattis pulvinar, nulla pede ullamcorper augue, a suscipit nulla elit ac nulla. Sed vel enim sit amet nunc viverra dapibus. Nulla suscipit ligula in lacus.",10,288,http://dummyimage.com/198x100.png/ff4444/ffffff,https://state.gov/pretium.jpg,44.35,5.92,56.66,55.82
b67d7f21-4ca0-49d5-b814-015677093356,diam,"Vestibulum quam sapien, varius ut, blandit non, interdum in, ante. Vestibulum ante ipsum primis in faucibus orci luctus et ultrices posuere cubilia Curae; Duis faucibus accumsan odio. Curabitur convallis.

Duis consequat dui nec nisi volutpat eleifend. Donec ut dolor. Morbi vel lectus in quam fringilla rhoncus.

Mauris enim leo, rhoncus sed, vestibulum sit amet, cursus id, turpis. Integer aliquet, massa id lobortis convallis, tortor risus dapibus augue, vel accumsan tellus nisi eu orci. Mauris lacinia sapien quis libero.",2,288,http://dummyimage.com/102x100.png/cc0000/ffffff,https://dropbox.com/habitasse/platea/dictumst.aspx,85.59,77.51,58.68,65.4
2bfab33e-2e48-4fc5-af8f-abe2905d5872,faucibus orci luctus,"Duis consequat dui nec nisi volutpat eleifend. Donec ut dolor. Morbi vel lectus in quam fringilla rhoncus.

Mauris enim leo, rhoncus sed, vestibulum sit amet, cursus id, turpis. Integer aliquet, massa id lobortis convallis, tortor risus dapibus augue, vel accumsan tellus nisi eu orci. Mauris lacinia sapien quis libero.

Nullam sit amet turpis elementum ligula vehicula consequat. Morbi a ipsum. Integer a nibh.",6,268,http://dummyimage.com/246x100.png/ff4444/ffffff,https://360.cn/lacus/at/turpis/donec.aspx,67.46,7.51,24.97,85.56
e7670f1b-9ac4-46f5-ab07-dfd51650c4f1,in porttitor,"Maecenas ut massa quis augue luctus tincidunt. Nulla mollis molestie lorem. Quisque ut erat.

Curabitur gravida nisi at nibh. In hac habitasse platea dictumst. Aliquam augue quam, sollicitudin vitae, consectetuer eget, rutrum at, lorem.

Integer tincidunt ante vel ipsum. Praesent blandit lacinia erat. Vestibulum sed magna at nunc commodo placerat.",8,121,http://dummyimage.com/186x100.png/dddddd/000000,http://reddit.com/semper.png,28.8,42.58,72.25,84.64
926d0f99-8dd2-446f-823a-7b0e98b26bd0,erat,"Etiam vel augue. Vestibulum rutrum rutrum neque. Aenean auctor gravida sem.

Praesent id massa id nisl venenatis lacinia. Aenean sit amet justo. Morbi ut odio.

Cras mi pede, malesuada in, imperdiet et, commodo vulputate, justo. In blandit ultrices enim. Lorem ipsum dolor sit amet, consectetuer adipiscing elit.",6,199,http://dummyimage.com/136x100.png/ff4444/ffffff,https://infoseek.co.jp/vivamus/vestibulum.xml,64.26,96.83,12.66,30.2
423ecd64-0c10-4286-9d75-c65815ac28ba,est quam pharetra,Aliquam quis turpis eget elit sodales scelerisque. Mauris sit amet eros. Suspendisse accumsan tortor quis turpis.,10,26,http://dummyimage.com/219x100.png/dddddd/000000,https://icq.com/sapien/urna/pretium.jsp,38.13,11.1,92.91,96.71
eed4f105-fef3-4133-8ee7-2d7e6c8fed56,enim,"Fusce posuere felis sed lacus. Morbi sem mauris, laoreet ut, rhoncus aliquet, pulvinar sed, nisl. Nunc rhoncus dui vel sem.

Sed sagittis. Nam congue, risus semper porta volutpat, quam pede lobortis ligula, sit amet eleifend pede libero quis orci. Nullam molestie nibh in lectus.",1,48,http://dummyimage.com/228x100.png/dddddd/000000,https://slate.com/sed/vestibulum/sit/amet/cursus.aspx,30.95,59.09,42.39,2.86
3ac1923d-c038-4876-bbc6-0c2624a97d0c,montes,"Maecenas ut massa quis augue luctus tincidunt. Nulla mollis molestie lorem. Quisque ut erat.

Curabitur gravida nisi at nibh. In hac habitasse platea dictumst. Aliquam augue quam, sollicitudin vitae, consectetuer eget, rutrum at, lorem.",8,78,http://dummyimage.com/224x100.png/5fa2dd/ffffff,https://cargocollective.com/proin/at/turpis/a.png,23.07,57.65,14.32,20.77
4efd8927-35ec-4039-bfd9-ba1f43c56803,nec,"Curabitur gravida nisi at nibh. In hac habitasse platea dictumst. Aliquam augue quam, sollicitudin vitae, consectetuer eget, rutrum at, lorem.",3,71,http://dummyimage.com/115x100.png/cc0000/ffffff,https://cnbc.com/duis/ac/nibh/fusce/lacus/purus/aliquet.js,9.21,12.59,13.41,38.12
62cec7e5-a161-4749-aae9-2161a599916f,diam cras pellentesque,"Duis bibendum, felis sed interdum venenatis, turpis enim blandit mi, in porttitor pede justo eu massa. Donec dapibus. Duis at velit eu est congue elementum.",10,153,http://dummyimage.com/188x100.png/ff4444/ffffff,http://dyndns.org/duis/bibendum/morbi/non/quam/nec.png,87.14,75.57,66.84,83.71
be43217c-8859-4878-aea7-df60bf0eb6f0,interdum mauris non,"In sagittis dui vel nisl. Duis ac nibh. Fusce lacus purus, aliquet at, feugiat non, pretium quis, lectus.",6,203,http://dummyimage.com/123x100.png/dddddd/000000,https://hubpages.com/ultrices/posuere/cubilia/curae/donec/pharetra/magna.js,91.41,58.41,79.54,79.53
98ae0f23-4fa2-44d6-afd4-f75834820d7a,neque libero,"Curabitur gravida nisi at nibh. In hac habitasse platea dictumst. Aliquam augue quam, sollicitudin vitae, consectetuer eget, rutrum at, lorem.

Integer tincidunt ante vel ipsum. Praesent blandit lacinia erat. Vestibulum sed magna at nunc commodo placerat.",9,252,http://dummyimage.com/154x100.png/dddddd/000000,http://utexas.edu/vestibulum/proin.html,25.17,41.32,92.48,65.0
3ae4505f-84b2-4903-a9f9-b642f7bb03f6,magna,"Aliquam quis turpis eget elit sodales scelerisque. Mauris sit amet eros. Suspendisse accumsan tortor quis turpis.

Sed ante. Vivamus tortor. Duis mattis egestas metus.

Aenean fermentum. Donec ut mauris eget massa tempor convallis. Nulla neque libero, convallis eget, eleifend luctus, ultricies eu, nibh.",8,189,http://dummyimage.com/239x100.png/ff4444/ffffff,https://drupal.org/mattis/nibh/ligula.jpg,39.22,42.61,20.51,2.7
91346c23-86cf-45f4-a113-5909e10c369a,mauris eget,"Duis aliquam convallis nunc. Proin at turpis a pede posuere nonummy. Integer non velit.

Donec diam neque, vestibulum eget, vulputate ut, ultrices vel, augue. Vestibulum ante ipsum primis in faucibus orci luctus et ultrices posuere cubilia Curae; Donec pharetra, magna vestibulum aliquet ultrices, erat tortor sollicitudin mi, sit amet lobortis sapien sapien non mi. Integer ac neque.",7,158,http://dummyimage.com/179x100.png/ff4444/ffffff,http://ask.com/eget/massa/tempor.jpg,51.92,20.71,45.09,58.75
7a5262e5-5298-4845-bbab-2d37f9d68b3a,bibendum,"In congue. Etiam justo. Etiam pretium iaculis justo.

In hac habitasse platea dictumst. Etiam faucibus cursus urna. Ut tellus.

Nulla ut erat id mauris vulputate elementum. Nullam varius. Nulla facilisi.",7,232,http://dummyimage.com/150x100.png/5fa2dd/ffffff,http://canalblog.com/hendrerit/at/vulputate/vitae/nisl/aenean/lectus.aspx,53.0,33.39,69.33,28.94
a85a62d6-9a02-46b9-bbc5-7c9745da217a,ipsum praesent blandit,Praesent id massa id nisl venenatis lacinia. Aenean sit amet justo. Morbi ut odio.,3,137,http://dummyimage.com/163x100.png/5fa2dd/ffffff,https://ycombinator.com/cras.jpg,36.12,85.22,81.76,91.19
2e7b669b-ec31-44b4-9909-f00caf60432b,enim,"Sed sagittis. Nam congue, risus semper porta volutpat, quam pede lobortis ligula, sit amet eleifend pede libero quis orci. Nullam molestie nibh in lectus.

Pellentesque at nulla. Suspendisse potenti. Cras in purus eu magna vulputate luctus.",2,276,http://dummyimage.com/232x100.png/dddddd/000000,https://geocities.com/orci/mauris/lacinia/sapien/quis/libero.png,61.32,9.33,41.8,43.79
8c307890-2acc-461c-95e0-e61e0bc6445f,primis in,"In congue. Etiam justo. Etiam pretium iaculis justo.

In hac habitasse platea dictumst. Etiam faucibus cursus urna. Ut tellus.",9,164,http://dummyimage.com/138x100.png/5fa2dd/ffffff,https://rambler.ru/nibh.png,67.54,18.37,48.01,97.14
f1b01f84-0d51-46fa-8209-8fb2cb34929e,sit amet erat,"Aliquam quis turpis eget elit sodales scelerisque. Mauris sit amet eros. Suspendisse accumsan tortor quis turpis.

Sed ante. Vivamus tortor. Duis mattis egestas metus.

Aenean fermentum. Donec ut mauris eget massa tempor convallis. Nulla neque libero, convallis eget, eleifend luctus, ultricies eu, nibh.",8,217,http://dummyimage.com/232x100.png/5fa2dd/ffffff,http://cloudflare.com/diam/id.jsp,20.93,18.19,45.49,74.77
d060af79-5b25-430c-a9db-25e2f73a2881,tortor risus,"Aenean fermentum. Donec ut mauris eget massa tempor convallis. Nulla neque libero, convallis eget, eleifend luctus, ultricies eu, nibh.

Quisque id justo sit amet sapien dignissim vestibulum. Vestibulum ante ipsum primis in faucibus orci luctus et ultrices posuere cubilia Curae; Nulla dapibus dolor vel est. Donec odio justo, sollicitudin ut, suscipit a, feugiat et, eros.",4,108,http://dummyimage.com/182x100.png/cc0000/ffffff,https://si.edu/diam/in/magna/bibendum.jsp,18.69,71.69,81.22,45.36
8d5c265a-ace1-40b5-a60d-16a1fc6a66ea,posuere,"Nullam porttitor lacus at turpis. Donec posuere metus vitae ipsum. Aliquam non mauris.

Morbi non lectus. Aliquam sit amet diam in magna bibendum imperdiet. Nullam orci pede, venenatis non, sodales sed, tincidunt eu, felis.",3,248,http://dummyimage.com/124x100.png/5fa2dd/ffffff,http://flavors.me/felis.aspx,95.21,15.11,23.99,25.81
4a292a6f-441c-4c2f-924c-6433df2d809e,sed lacus morbi,"Fusce consequat. Nulla nisl. Nunc nisl.

Duis bibendum, felis sed interdum venenatis, turpis enim blandit mi, in porttitor pede justo eu massa. Donec dapibus. Duis at velit eu est congue elementum.",9,239,http://dummyimage.com/104x100.png/dddddd/000000,http://yellowpages.com/tempus/vel/pede.json,32.15,35.69,75.37,50.82
df87e7ec-7161-438b-9a96-7af43dd940d0,nulla suscipit,"Proin eu mi. Nulla ac enim. In tempor, turpis nec euismod scelerisque, quam turpis adipiscing lorem, vitae mattis nibh ligula nec sem.

Duis aliquam convallis nunc. Proin at turpis a pede posuere nonummy. Integer non velit.

Donec diam neque, vestibulum eget, vulputate ut, ultrices vel, augue. Vestibulum ante ipsum primis in faucibus orci luctus et ultrices posuere cubilia Curae; Donec pharetra, magna vestibulum aliquet ultrices, erat tortor sollicitudin mi, sit amet lobortis sapien sapien non mi. Integer ac neque.",9,179,http://dummyimage.com/173x100.png/cc0000/ffffff,http://ed.gov/enim/lorem/ipsum.json,98.33,34.81,94.53,85.69
93f122d8-e544-43a3-b3ec-0d8a4891a0b9,volutpat quam pede,"Nulla ut erat id mauris vulputate elementum. Nullam varius. Nulla facilisi.

Cras non velit nec nisi vulputate nonummy. Maecenas tincidunt lacus at velit. Vivamus vel nulla eget eros elementum pellentesque.

Quisque porta volutpat erat. Quisque erat eros, viverra eget, congue eget, semper rutrum, nulla. Nunc purus.",4,222,http://dummyimage.com/127x100.png/ff4444/ffffff,https://google.pl/vestibulum/ante/ipsum/primis.html,38.3,40.34,41.87,67.98
0efc734c-d5a7-4a28-949b-f8f39726ac6a,lectus vestibulum,,10,128,http://dummyimage.com/165x100.png/5fa2dd/ffffff,http://berkeley.edu/suscipit.json,35.05,48.86,25.35,34.98
e13953db-31a7-4f20-80a9-71fc0dd3e7cd,lobortis vel,Integer ac leo. Pellentesque ultrices mattis odio. Donec vitae nisi.,1,57,http://dummyimage.com/115x100.png/dddddd/000000,http://godaddy.com/pharetra.aspx,10.54,38.95,41.63,23.79
448b74e6-37ec-40b8-9307-b93609bcc938,fusce congue diam,Phasellus in felis. Donec semper sapien a libero. Nam dui.,1,136,http://dummyimage.com/184x100.png/ff4444/ffffff,http://hud.gov/pretium/iaculis/diam.xml,92.12,78.62,38.96,79.15
5b1adbfb-0a11-410d-8fe5-0db4139402f3,congue etiam justo,"Proin eu mi. Nulla ac enim. In tempor, turpis nec euismod scelerisque, quam turpis adipiscing lorem, vitae mattis nibh ligula nec sem.",4,266,http://dummyimage.com/148x100.png/dddddd/000000,http://techcrunch.com/ut.jsp,11.98,78.31,64.18,88.16
05c1b154-9f9b-45f4-a9fb-b2c1265da609,vitae,"Donec diam neque, vestibulum eget, vulputate ut, ultrices vel, augue. Vestibulum ante ipsum primis in faucibus orci luctus et ultrices posuere cubilia Curae; Donec pharetra, magna vestibulum aliquet ultrices, erat tortor sollicitudin mi, sit amet lobortis sapien sapien non mi. Integer ac neque.

Duis bibendum. Morbi non quam nec dui luctus rutrum. Nulla tellus.",5,236,http://dummyimage.com/200x100.png/cc0000/ffffff,https://tripod.com/dui.jpg,92.38,37.75,23.05,28.48
fc730083-0717-44f7-87c6-f90db8d2b1a2,tempus,"Proin leo odio, porttitor id, consequat in, consequat ut, nulla. Sed accumsan felis. Ut at dolor quis odio consequat varius.

Integer ac leo. Pellentesque ultrices mattis odio. Donec vitae nisi.

Nam ultrices, libero non mattis pulvinar, nulla pede ullamcorper augue, a suscipit nulla elit ac nulla. Sed vel enim sit amet nunc viverra dapibus. Nulla suscipit ligula in lacus.",1,196,http://dummyimage.com/133x100.png/5fa2dd/ffffff,http://histats.com/bibendum/imperdiet.png,17.0,39.48,80.68,53.4
b811d5ae-3323-48d4-8800-f752f75a9e1b,est phasellus sit,"Cum sociis natoque penatibus et magnis dis parturient montes, nascetur ridiculus mus. Vivamus vestibulum sagittis sapien. Cum sociis natoque penatibus et magnis dis parturient montes, nascetur ridiculus mus.

Etiam vel augue. Vestibulum rutrum rutrum neque. Aenean auctor gravida sem.",9,201,http://dummyimage.com/101x100.png/cc0000/ffffff,http://disqus.com/lacinia/nisi/venenatis.png,82.79,21.11,92.28,93.18
91a79d36-c69a-4f2e-9305-c25b606a448c,in lacus curabitur,"In sagittis dui vel nisl. Duis ac nibh. Fusce lacus purus, aliquet at, feugiat non, pretium quis, lectus.

Suspendisse potenti. In eleifend quam a odio. In hac habitasse platea dictumst.

Maecenas ut massa quis augue luctus tincidunt. Nulla mollis molestie lorem. Quisque ut erat.",2,167,http://dummyimage.com/179x100.png/cc0000/ffffff,https://themeforest.net/ultrices/posuere/cubilia/curae/nulla/dapibus.xml,30.02,1.12,22.49,79.01
2570d598-9fc6-4267-b0f6-852f614614c4,ac consequat metus,"Lorem ipsum dolor sit amet, consectetuer adipiscing elit. Proin risus. Praesent lectus.

Vestibulum quam sapien, varius ut, blandit non, interdum in, ante. Vestibulum ante ipsum primis in faucibus orci luctus et ultrices posuere cubilia Curae; Duis faucibus accumsan odio. Curabitur convallis.

Duis consequat dui nec nisi volutpat eleifend. Donec ut dolor. Morbi vel lectus in quam fringilla rhoncus.",1,268,http://dummyimage.com/205x100.png/ff4444/ffffff,https://slideshare.net/magnis/dis/parturient/montes/nascetur/ridiculus/mus.xml,68.32,68.66,58.18,34.59
a3e2a3e3-e930-4781-aa42-c786ea110f46,nulla,"In quis justo. Maecenas rhoncus aliquam lacus. Morbi quis tortor id nulla ultrices aliquet.

Maecenas leo odio, condimentum id, luctus nec, molestie sed, justo. Pellentesque viverra pede ac diam. Cras pellentesque volutpat dui.

Maecenas tristique, est et tempus semper, est quam pharetra magna, ac consequat metus sapien ut nunc. Vestibulum ante ipsum primis in faucibus orci luctus et ultrices posuere cubilia Curae; Mauris viverra diam vitae quam. Suspendisse potenti.",4,243,http://dummyimage.com/191x100.png/5fa2dd/ffffff,http://gravatar.com/rhoncus.aspx,87.26,49.79,12.64,99.4
9c424a91-8a3b-4a6f-801b-ffe3918aa2ec,quam suspendisse potenti,"Sed sagittis. Nam congue, risus semper porta volutpat, quam pede lobortis ligula, sit amet eleifend pede libero quis orci. Nullam molestie nibh in lectus.

Pellentesque at nulla. Suspendisse potenti. Cras in purus eu magna vulputate luctus.

Cum sociis natoque penatibus et magnis dis parturient montes, nascetur ridiculus mus. Vivamus vestibulum sagittis sapien. Cum sociis natoque penatibus et magnis dis parturient montes, nascetur ridiculus mus.",2,91,http://dummyimage.com/236x100.png/ff4444/ffffff,https://columbia.edu/nunc/rhoncus/dui.png,64.24,86.61,46.5,41.88
4400b3ee-342b-4212-8bff-c2ab7830ed73,ante ipsum primis,Duis aliquam convallis nunc. Proin at turpis a pede posuere nonummy. Integer non velit.,7,221,http://dummyimage.com/227x100.png/5fa2dd/ffffff,https://europa.eu/lorem.jpg,27.47,28.05,89.06,3.73
bfab8605-3b50-4e5f-a3e0-e218b9dce909,mauris,"Nam ultrices, libero non mattis pulvinar, nulla pede ullamcorper augue, a suscipit nulla elit ac nulla. Sed vel enim sit amet nunc viverra dapibus. Nulla suscipit ligula in lacus.

Curabitur at ipsum ac tellus semper interdum. Mauris ullamcorper purus sit amet nulla. Quisque arcu libero, rutrum ac, lobortis vel, dapibus at, diam.",10,14,http://dummyimage.com/123x100.png/dddddd/000000,https://quantcast.com/varius/ut/blandit/non/interdum.json,86.35,47.72,22.78,14.02
1a3806e1-c12a-4ca9-b665-d9f6249d52cc,sit amet,"Etiam vel augue. Vestibulum rutrum rutrum neque. Aenean auctor gravida sem.

Praesent id massa id nisl venenatis lacinia. Aenean sit amet justo. Morbi ut odio.

Cras mi pede, malesuada in, imperdiet et, commodo vulputate, justo. In blandit ultrices enim. Lorem ipsum dolor sit amet, consectetuer adipiscing elit.",7,78,http://dummyimage.com/191x100.png/5fa2dd/ffffff,https://mysql.com/in/purus/eu/magna.jpg,33.38,68.33,43.05,89.72
