first_name,last_name,email,password
Kalle,Brian,kbrian0@narod.ru,oF8?um@WHnLBte}
Casie,Beste,cbeste1@sciencedirect.com,iS3\%'nJ
Helsa,Gutans,hgutans2@boston.com,sO9*Cqcvv?79
Kaleena,Ianelli,kianelli3@goo.ne.jp,yO9\</\G
Jerrilyn,Starton,jstarton4@about.com,fH0~7=D+Up&W<
Jeannine,Dogg,jdogg5@msu.edu,uO9{'EoB9J
Rennie,Dusey,rdusey6@vinaora.com,fU6%x!qsZZ5l<
Hortense,Joddens,hjoddens7@alibaba.com,"fO8'/F""YA="
Devin,McOrkill,dmcorkill8@mozilla.com,sL8~Hu`*7Y@
Armstrong,Stagg,astagg9@plala.or.jp,qM3!5hmhMz{
Letty,Trevan,ltrevana@mail.ru,"eI8(xenmRAg""<_"
Kristos,Dislee,kdisleeb@qq.com,hT9\i@kD><|bxKx\
Gray,Reimers,greimersc@privacy.gov.au,eK4(|2p04
Imogene,Kalaher,ikalaherd@gov.uk,nK9&Y46)BtY|
Susette,Kinder,skindere@friendfeed.com,qD2.L&Y{~cHI<`
Horst,Shafto,hshaftof@utexas.edu,fX7%UMY#WEI
Bride,Toppin,btopping@gnu.org,bW7@mfsZ3RCU/zN
Catherin,Langlois,clangloish@weibo.com,tP9+jj?V
Ermanno,Blackeby,eblackebyi@washington.edu,vK4<0&QgDk
Briney,MacCaig,bmaccaigj@surveymonkey.com,wO8_%O+DsQ.Qouw
Kristyn,Pacher,kpacherk@theatlantic.com,sO6\Z(><&PF`=t.1
Fonz,Halburton,fhalburtonl@smh.com.au,vM0.N=H7Q_1\pG>o
Kirk,Llewhellin,kllewhellinm@amazon.com,hH2_W8B.C<F|
Skell,Donet,sdonetn@sciencedaily.com,vW2>!TRPQ*q3fi0j
Gal,Du Barry,gdubarryo@google.de,iP9$(5$xY`Em*k!
Caddric,Hovel,chovelp@elpais.com,hW8@Y3U%n7cimyv
Teddie,Whitehouse,twhitehouseq@irs.gov,"mR4/_""Z%PW"
Roderick,Pountney,rpountneyr@blog.com,"tV1`h><Kn*Z>,t.3"
Nanette,Jerrans,njerranss@nytimes.com,jI8)LYSP5~DjO
Kirk,Deavall,kdeavallt@blogtalkradio.com,dU2&92fC~}B
Ferguson,Iianon,fiianonu@comcast.net,tC1'Oskv/9r
Reamonn,Couchman,rcouchmanv@bravesites.com,iZ0#2|&\
Konstantin,Clewlowe,kclewlowew@over-blog.com,"uI7$})22@""5bNt"
Marco,Ronaldson,mronaldsonx@microsoft.com,zQ6%oN*hzIT
Charmane,MacNeice,cmacneicey@alexa.com,bK0|LdNu4gan%3`8
Breanne,Nabbs,bnabbsz@admin.ch,lM8>E#|3HUYsU
Manya,MacGray,mmacgray10@wunderground.com,zC7?HR6\Li
Lucretia,Gooder,lgooder11@zdnet.com,pN4=Qqsow3&QC
Belva,Dering,bdering12@who.int,cO3@hFM)
Kenn,Sarsons,ksarsons13@chronoengine.com,cF7%Um`e74hWY?'=
Jaime,Weston,jweston14@newyorker.com,yC9}954c3q
Dody,Tunnicliffe,dtunnicliffe15@g.co,"pR3.'cY8srH,Tz"
Bianka,Gutans,bgutans16@tripadvisor.com,"hB4<ek55&)w'*G}"""
Murry,Mangam,mmangam17@ted.com,"vP8'd,Ly2"
Gardner,Tappor,gtappor18@wp.com,"nN0#J0r20*""COA|"
Gerard,Maiden,gmaiden19@smh.com.au,"kY9?o<Wg/!""0p`~,"
Fayina,Jannequin,fjannequin1a@ucoz.ru,aC4_'n8tRq1
Kassie,Moseley,kmoseley1b@ocn.ne.jp,"mL1""vgzr"
Adeline,Matlock,amatlock1c@slideshare.net,nQ4+5}|8
Jo,Devlin,jdevlin1d@google.es,"jJ8,ac?pg+gg(s1L"
